Bedrooms,Area,Bathrooms,ParkingSpaces,Age,Price,Location,price
3,1987,1,2,31,492776,Kolkata,403158.8130138547
4,4526,2,2,45,439205,Kolkata,557238.024503555
2,4231,0,3,9,456440,Kolkata,582221.612601983
4,2546,3,2,32,941618,Kolkata,443278.24281085335
4,1649,0,1,33,866164,Kolkata,343521.1898532429
1,1968,0,1,67,848353,Kolkata,338452.00349455705
2,3637,0,2,30,485289,Kolkata,498735.37933202606
2,2100,1,2,29,606767,Kolkata,406386.66281423776
2,3556,4,1,3,634820,Kolkata,473230.0952525234
4,1440,1,2,57,310126,Kolkata,358316.13864652213
3,4325,1,2,30,316351,Kolkata,546061.768050278
2,1920,0,3,9,428684,Kolkata,449002.5783770755
4,1769,1,0,26,203021,Kolkata,318499.08711572556
1,2343,0,1,2,889703,Kolkata,390566.9791064318
3,2826,4,3,62,100209,Kolkata,480075.63607638126
1,1262,3,0,3,322071,Kolkata,291385.029270845
3,4668,0,2,46,760899,Kolkata,558934.8437152846
4,4729,4,2,68,906409,Kolkata,556449.276338218
0,4906,3,3,25,305214,Kolkata,611622.7249727809
3,2577,2,2,51,209920,Kolkata,433493.5342004533
1,4445,0,4,13,490300,Kolkata,633263.2262935771
4,3684,0,3,44,461732,Kolkata,539466.8313205785
3,4238,2,0,35,430828,Kolkata,458388.59519059403
0,4824,2,3,55,330144,Kolkata,591474.8871044443
0,3506,0,1,9,367751,Kolkata,454355.2689452592
2,1998,2,3,2,316194,Kolkata,456892.0920318706
2,4351,1,2,61,456930,Kolkata,526534.5776764556
1,1699,3,2,41,488550,Kolkata,376796.71930471977
3,3349,3,4,44,283011,Kolkata,561044.4446743065
3,4602,3,4,64,773954,Kolkata,633948.3740519601
2,2603,1,4,31,551598,Kolkata,517925.4558020271
3,2241,2,0,47,107399,Kolkata,332930.601061742
3,2125,4,4,2,614242,Kolkata,514185.6151166231
0,3601,2,0,69,751100,Kolkata,388831.31321311137
2,3335,0,4,58,198662,Kolkata,546880.054251833
4,2190,3,0,44,395761,Kolkata,334500.79382599145
2,3668,2,3,56,762858,Kolkata,531350.0201130202
4,2005,4,3,43,989258,Kolkata,445811.30103564373
0,1035,0,2,34,872592,Kolkata,334260.1874703995
1,1743,1,0,30,473221,Kolkata,303596.1019968691
3,2764,1,1,55,937056,Kolkata,400900.74452398013
0,1352,4,2,67,896060,Kolkata,340669.03758504393
3,4747,0,3,13,493545,Kolkata,617871.92121229
1,2922,3,0,3,400763,Kolkata,386024.69458646205
1,1072,2,4,26,107032,Kolkata,427338.1698820265
0,3695,0,1,57,803454,Kolkata,444018.05484933034
1,2376,1,3,24,400178,Kolkata,461684.26337741676
4,2914,4,2,53,726946,Kolkata,457811.7547232254
1,2093,4,0,43,615882,Kolkata,317739.27450482885
3,3472,2,1,60,972590,Kolkata,440726.8643495238
3,4046,4,0,58,679552,Kolkata,438578.8409724167
3,1707,4,4,49,718408,Kolkata,461067.56045239064
3,2804,0,2,42,147850,Kolkata,447430.14287378616
4,3608,3,0,66,629010,Kolkata,412176.4063429944
2,3875,2,3,11,379916,Kolkata,564781.166989498
0,4713,0,2,18,448249,Kolkata,560429.7249908797
3,1955,3,3,52,534895,Kolkata,431852.4415744553
1,3564,0,0,46,104576,Kolkata,402058.4712674912
3,3475,0,2,44,782067,Kolkata,484150.5568375818
1,4610,4,3,22,461548,Kolkata,600845.2319567212
1,1159,3,4,53,534848,Kolkata,417109.51507314085
3,3196,2,4,59,665764,Kolkata,545868.209939925
4,3823,2,0,30,348292,Kolkata,440526.95003242063
1,4301,3,2,8,523501,Kolkata,554154.5193794344
1,2735,4,1,57,910586,Kolkata,387572.82152698474
3,2585,1,2,20,513270,Kolkata,446726.74286343757
1,1066,0,4,25,379309,Kolkata,422556.887429001
1,4061,4,3,19,114439,Kolkata,568247.9187590311
3,4883,3,1,5,480355,Kolkata,553420.4610108477
3,3428,0,0,27,668806,Kolkata,411970.7661352781
0,1057,2,1,40,319123,Kolkata,295575.6256346921
4,4330,1,0,26,651250,Kolkata,471982.516893606
4,1341,2,1,27,863445,Kolkata,331574.39682456246
1,4909,3,0,62,399907,Kolkata,479208.42112740065
4,2153,0,0,50,216189,Kolkata,327720.69687257695
1,3774,3,1,42,210290,Kolkata,458189.0429097586
0,2195,0,1,29,997246,Kolkata,364702.90926097444
3,3817,4,0,39,905896,Kolkata,433981.88415481336
3,3661,1,4,60,223980,Kolkata,570804.5648604643
3,2232,4,1,41,327021,Kolkata,378080.62610926374
4,4874,4,2,33,788630,Kolkata,582887.0295819857
0,3401,3,3,16,142299,Kolkata,527695.2239228679
4,2494,1,0,23,841165,Kolkata,363380.2316256348
4,2821,0,0,7,131541,Kolkata,390016.4587675471
0,1115,0,3,26,435689,Kolkata,381964.71310565335
0,4335,2,4,12,575759,Kolkata,628452.1864204719
0,1661,0,3,5,847358,Kolkata,427380.25248760014
0,4883,3,1,69,229188,Kolkata,510070.7835138573
3,2465,4,3,49,308150,Kolkata,465799.5854463036
2,4619,4,0,26,576186,Kolkata,483555.33500048704
2,3500,4,3,5,916197,Kolkata,550731.5763022967
0,2868,1,2,22,910201,Kolkata,448954.125074333
2,4548,0,1,13,319073,Kolkata,522048.5407337291
2,3334,3,3,28,580620,Kolkata,524597.1933487712
0,4374,1,0,33,644444,Kolkata,455675.77455431706
2,2016,2,1,23,841196,Kolkata,366586.70704542915
4,1310,3,0,18,543697,Kolkata,296953.71601629653
1,1207,3,4,30,768795,Kolkata,431591.36621069675
1,3665,3,2,26,825010,Kolkata,504529.02139906347
0,3493,4,4,16,801696,Kolkata,572207.444751132
3,3717,3,2,39,173631,Kolkata,508475.2896895769
0,1632,0,3,33,924341,Kolkata,408249.72828735266
3,3102,3,1,26,693775,Kolkata,434412.5073442385
1,3959,4,3,48,585825,Kolkata,548138.4145070201
0,4083,3,2,65,409799,Kolkata,500057.1285459305
4,1656,2,2,38,527557,Kolkata,387237.1968927686
2,2423,2,2,2,867023,Kolkata,440052.0477809538
3,2931,4,0,6,819542,Kolkata,396144.1609448148
2,4719,0,1,46,151786,Kolkata,517663.24319519754
2,4027,0,3,50,168304,Kolkata,554078.7053594893
0,3562,1,3,38,465750,Kolkata,520856.68216800544
2,2679,4,4,18,277586,Kolkata,532361.0871598619
4,4613,3,2,27,745226,Kolkata,572560.9879646165
2,1236,4,2,41,527195,Kolkata,352386.3141796203
0,4350,1,2,17,584103,Kolkata,542527.1466560037
4,1347,4,3,62,967413,Kolkata,395533.4407884109
1,3674,4,4,29,155107,Kolkata,582711.3139064739
2,4175,1,0,58,622058,Kolkata,438762.5427226593
0,1629,0,1,22,345191,Kolkata,336062.2939116509
1,2540,3,0,6,756520,Kolkata,365598.2921737774
1,3003,1,3,26,450041,Kolkata,497473.0327808977
3,4943,2,2,39,172577,Kolkata,579353.1064814883
4,2271,0,1,12,839663,Kolkata,397165.82728854776
2,1363,2,3,14,504062,Kolkata,408409.3823564351
0,3368,0,3,22,360933,Kolkata,521013.85222772416
3,4704,3,3,51,728468,Kolkata,602943.4101992581
4,1285,3,1,23,382068,Kolkata,329630.7289590304
3,1148,4,1,48,473337,Kolkata,307538.60185770504
4,2107,2,4,50,769242,Kolkata,488455.48664390104
4,3453,0,4,13,835634,Kolkata,582907.7497683727
2,4025,3,0,10,101095,Kolkata,458229.15836729074
4,1455,1,1,55,466349,Kolkata,326917.79253151215
3,2766,3,1,9,796343,Kolkata,421690.0735209138
4,1799,1,1,52,638411,Kolkata,345453.88380013796
2,2184,0,4,2,586884,Kolkata,507579.67364367004
2,2012,3,3,25,821975,Kolkata,448681.31880549464
3,3831,3,2,13,588409,Kolkata,530796.8800706061
1,3507,0,4,51,931710,Kolkata,555160.235589101
1,4621,3,1,58,984343,Kolkata,506178.435678944
4,2523,1,4,34,151999,Kolkata,517552.17211047286
0,3785,3,0,35,917585,Kolkata,421600.64186491177
4,3556,2,1,3,380488,Kolkata,479644.68488311896
3,4725,4,0,59,855137,Kolkata,472012.1998142671
3,4875,1,1,48,661944,Kolkata,531322.4125961656
3,1480,2,4,64,301587,Kolkata,441569.1393820988
3,2686,0,3,19,884875,Kolkata,493851.7635069475
3,3161,1,2,67,363356,Kolkata,461266.67762015533
2,3796,4,0,5,744673,Kolkata,447190.35456701176
1,2601,4,4,67,240073,Kolkata,497485.589797295
3,3408,0,3,11,178784,Kolkata,541458.0222688306
0,1340,0,4,68,985155,Kolkata,413212.0674388892
0,3817,1,0,69,443288,Kolkata,403684.83584989194
0,3010,3,2,1,655656,Kolkata,472763.56654680247
0,3808,0,4,63,826179,Kolkata,565876.1616482934
2,4016,3,1,29,161160,Kolkata,488162.2639837003
0,3496,2,3,12,781214,Kolkata,538737.3493916775
3,2866,4,4,41,372859,Kolkata,533185.2721160972
4,1834,3,3,2,574917,Kolkata,455383.32776238065
0,2203,4,1,37,683072,Kolkata,366312.7567251246
2,2725,3,2,45,491337,Kolkata,439073.6181133865
2,4478,2,2,48,461788,Kolkata,542528.5874630042
0,2689,0,1,24,126797,Kolkata,398891.63921255013
4,4267,2,3,22,409717,Kolkata,592305.8166627336
0,4537,0,4,11,962552,Kolkata,635214.6654606118
2,1310,0,1,58,639068,Kolkata,305895.46100652847
1,1261,4,0,46,662193,Kolkata,268212.25973101275
3,2442,2,3,29,740337,Kolkata,476829.04567889543
2,1405,3,2,35,753939,Kolkata,369126.777673186
0,3190,2,1,15,657647,Kolkata,435937.62800721696
3,1341,4,2,60,428206,Kolkata,352161.2468242681
0,2339,0,3,42,697679,Kolkata,446815.57913993107
0,4172,4,2,43,405607,Kolkata,521219.3319195458
1,1243,1,1,49,199596,Kolkata,301198.61094415555
3,1489,1,3,64,871702,Kolkata,398498.16740945785
3,1011,3,0,32,981450,Kolkata,267704.4435850685
1,4310,4,1,64,903003,Kolkata,484768.27634917444
2,1560,3,4,2,774502,Kolkata,470603.41912064276
0,1041,3,1,24,911536,Kolkata,303786.6057765474
4,3725,1,3,66,108625,Kolkata,533585.2639276612
0,1593,3,1,38,401343,Kolkata,325944.3216046773
0,2452,1,0,31,482869,Kolkata,339861.275384536
2,2826,0,0,26,509142,Kolkata,372655.7437733296
0,4229,4,4,29,393362,Kolkata,606406.9751971948
1,4287,3,2,67,799832,Kolkata,519638.59513082186
1,2693,1,3,25,454060,Kolkata,485498.6850634915
3,4533,2,3,48,223182,Kolkata,591282.5391359547
4,1133,3,2,65,644854,Kolkata,342058.6601463897
0,4138,0,0,53,133205,Kolkata,427610.8178354608
0,4919,0,0,67,209084,Kolkata,466013.95552850195
2,4078,2,1,18,129717,Kolkata,490393.9527505694
1,1947,1,4,9,805344,Kolkata,485058.32024998625
4,4597,3,4,38,993724,Kolkata,648033.8200369026
3,1072,1,4,21,783524,Kolkata,429385.8532187372
1,1398,0,1,65,400706,Kolkata,304780.4357784701
3,2428,1,4,21,562326,Kolkata,514824.5691752281
2,4746,0,2,27,120169,Kolkata,566589.0100819434
2,3625,1,1,44,908036,Kolkata,450624.602226912
0,3906,2,2,28,451814,Kolkata,507625.1224170262
4,1129,4,1,45,476749,Kolkata,313491.27447734465
3,3978,2,4,17,450882,Kolkata,612705.6069729393
1,4537,2,2,40,493900,Kolkata,547556.6801174385
2,4277,4,2,3,752428,Kolkata,551749.5125877836
0,2811,4,2,66,202537,Kolkata,429407.9446669562
0,3001,3,1,46,870625,Kolkata,409843.61510851036
3,4839,3,3,30,735589,Kolkata,619188.987372863
2,1265,2,4,69,370151,Kolkata,418558.07676586305
4,2560,2,2,9,331704,Kolkata,455716.86173437786
2,2985,0,3,11,217419,Kolkata,509279.10188637936
3,1792,0,4,69,403931,Kolkata,454957.03265997
3,3300,3,4,66,936014,Kolkata,547266.9114041465
2,3869,3,2,31,830151,Kolkata,515856.04886015336
3,2312,0,2,33,853158,Kolkata,418743.3559900577
2,1163,0,1,39,970061,Kolkata,306890.59957838047
1,1094,1,3,46,892214,Kolkata,374140.8910981905
2,2805,1,3,37,691058,Kolkata,487824.93243472115
2,3880,0,2,60,681933,Kolkata,500376.84979049565
3,2133,1,4,31,727797,Kolkata,492260.0541158107
3,3383,4,2,11,330796,Kolkata,501542.37660493545
0,1821,3,4,2,915636,Kolkata,479608.9898227065
0,1237,3,4,27,641440,Kolkata,432456.12746386667
1,3428,0,2,2,624154,Kolkata,498259.7156512878
0,4507,2,0,21,548402,Kolkata,471238.0223527269
2,3946,0,3,58,863260,Kolkata,543000.2193855038
3,3530,1,4,5,452699,Kolkata,593496.6438583082
0,2960,2,4,52,316096,Kolkata,523103.9749522416
0,3949,1,0,45,858019,Kolkata,426250.28878450405
1,2048,4,1,20,381833,Kolkata,369573.41344674386
1,2676,1,0,61,806050,Kolkata,343871.6109105571
2,4188,4,0,38,587258,Kolkata,452045.6178971909
3,3529,4,4,20,445395,Kolkata,584852.4510431247
1,4463,1,3,25,288392,Kolkata,590230.6763622088
0,3964,1,0,2,811451,Kolkata,446369.1812491628
3,4041,4,1,32,468709,Kolkata,490196.8723089732
3,1963,2,2,26,572517,Kolkata,404734.7500282572
0,1536,4,0,41,138712,Kolkata,286770.23107541626
1,4150,3,0,67,881675,Kolkata,430725.2508692651
0,2603,4,1,1,336502,Kolkata,405226.5548455629
3,4244,2,3,51,296349,Kolkata,571302.844931649
4,2979,3,0,5,411776,Kolkata,402838.1591243989
4,4083,0,0,13,644766,Kolkata,461996.1071997097
2,4871,0,3,19,122551,Kolkata,619912.5196039428
0,1127,2,1,12,148068,Kolkata,311220.9209571395
0,4679,4,0,48,193608,Kolkata,468129.001895839
2,1091,1,3,25,659849,Kolkata,392684.8094738777
2,4724,2,0,57,233964,Kolkata,469460.866049476
2,1542,3,2,35,386539,Kolkata,373917.23538421147
3,1845,3,4,5,643044,Kolkata,493057.70372131764
0,4603,0,2,22,347652,Kolkata,554433.8648977849
3,2681,3,0,57,351227,Kolkata,357400.09718655323
2,4036,2,1,47,428477,Kolkata,480703.143759768
0,2851,3,4,54,566961,Kolkata,518457.903487784
3,3494,2,2,3,599755,Kolkata,507828.93057223427
3,1389,1,3,53,804666,Kolkata,394618.59316778503
2,3719,0,1,31,776706,Kolkata,464293.704813397
0,2884,3,2,69,999993,Kolkata,426831.76463688473
2,1042,2,3,33,914456,Kolkata,380167.0613596098
0,1253,4,0,50,850310,Kolkata,262812.4857157232
4,4201,0,3,16,611984,Kolkata,589194.0906509705
1,2083,1,2,39,534034,Kolkata,401902.28129109804
1,3710,2,2,46,630235,Kolkata,495136.86213998083
1,3514,1,0,47,579456,Kolkata,404179.1201719393
2,3334,1,3,44,227192,Kolkata,515751.108370672
4,4058,3,3,9,881879,Kolkata,583707.4595226413
0,2540,3,0,50,980670,Kolkata,340044.37411234324
3,4538,2,3,60,429572,Kolkata,586948.6261990396
0,2953,4,0,15,425499,Kolkata,382462.1687958231
3,3825,2,1,36,551457,Kolkata,476401.1009307115
0,3392,4,2,63,562176,Kolkata,463773.4985739277
4,1641,1,1,69,882780,Kolkata,330051.79823423066
3,3429,0,4,41,338826,Kolkata,564891.3358373162
2,4850,2,4,24,768778,Kolkata,661758.0871827942
0,1689,2,4,49,850782,Kolkata,448522.5213726544
0,2276,4,0,18,855679,Kolkata,337326.58973829757
3,2950,1,3,7,581809,Kolkata,518205.19493694924
2,2079,1,1,4,286256,Kolkata,378273.64048328524
2,2486,4,1,69,869606,Kolkata,374687.3919191331
4,1456,1,1,60,272905,Kolkata,323296.6015916513
2,1982,3,1,55,493781,Kolkata,351519.98394968733
2,3130,0,4,16,118402,Kolkata,556767.4444469768
2,4976,2,1,29,273917,Kolkata,539793.9089893211
1,2122,0,3,23,700139,Kolkata,448794.0692703242
4,1148,2,4,14,112834,Kolkata,450081.2918742714
0,2352,3,1,49,692138,Kolkata,369763.7280599883
3,2179,1,0,33,137180,Kolkata,332636.3748130959
0,1189,4,2,25,497099,Kolkata,349528.69423703797
4,4565,3,2,21,733976,Kolkata,568310.9567075983
3,1882,0,2,17,306659,Kolkata,405099.6259840009
4,3310,4,4,23,468664,Kolkata,571996.7044351049
2,4151,1,1,57,898127,Kolkata,475314.5144554371
3,1399,3,4,58,227135,Kolkata,436609.7300206975
2,3811,4,3,14,254195,Kolkata,558066.4197755386
0,1608,3,0,20,682769,Kolkata,297424.40179228183
0,4331,3,0,30,697726,Kolkata,451647.0095219838
3,2795,1,2,19,735779,Kolkata,460170.68953908706
3,2638,2,2,53,622741,Kolkata,432985.95672266226
4,2575,4,2,56,510789,Kolkata,433252.0335855271
4,3832,1,1,23,746132,Kolkata,482498.5027568615
2,3148,3,3,62,457054,Kolkata,496759.22781540925
3,2382,1,3,33,156494,Kolkata,468605.7323654862
0,2403,2,3,18,505504,Kolkata,467814.19454719423
4,1819,4,3,33,933410,Kolkata,442667.81163042993
4,4292,2,2,32,479989,Kolkata,551983.3766455533
0,1819,0,0,61,831455,Kolkata,287990.5944187549
4,1419,4,2,54,154672,Kolkata,366420.63020474784
2,1123,2,3,17,686109,Kolkata,395965.93636133673
3,1421,3,2,19,970093,Kolkata,377912.4020861149
0,4302,4,3,34,169224,Kolkata,574198.0760531318
3,4761,4,4,25,975837,Kolkata,655161.1117164436
4,4134,1,0,68,334745,Kolkata,439497.9522783839
4,2508,3,4,11,154796,Kolkata,531942.2702083922
0,4699,0,1,16,537922,Kolkata,520483.8058869954
2,4774,2,2,61,752842,Kolkata,551837.6194140676
1,2597,1,1,7,485921,Kolkata,410369.4350034637
0,1767,2,2,16,366167,Kolkata,385226.8576675634
1,3044,0,4,16,869646,Kolkata,546504.4828713067
1,3530,0,3,40,837996,Kolkata,526245.1676163144
2,3566,4,3,12,267807,Kolkata,549018.1137298566
1,3202,0,2,35,959391,Kolkata,465672.9288880887
1,3139,2,3,21,663506,Kolkata,509455.70572890935
2,4029,3,4,50,594735,Kolkata,595999.572886519
1,2549,3,3,43,615729,Kolkata,461160.96950173023
1,3502,4,4,17,329766,Kolkata,577959.7341207918
1,2764,2,1,32,914892,Kolkata,403909.6531737891
0,3044,2,4,41,951112,Kolkata,534280.2438570532
0,3645,0,0,6,131017,Kolkata,421413.32051383116
0,4716,2,0,27,454182,Kolkata,478813.05720030784
2,1509,1,0,20,643803,Kolkata,298413.803293675
4,2206,0,2,25,523207,Kolkata,424271.13551740715
1,1385,1,2,66,500850,Kolkata,340414.70700617915
1,2597,4,2,9,308106,Kolkata,446024.99653923226
2,4802,3,4,53,919433,Kolkata,643419.8231204628
1,3452,4,2,61,625679,Kolkata,473138.65277058224
0,3293,3,1,38,820566,Kolkata,426251.7677040455
4,1741,4,0,3,733676,Kolkata,332726.46429335466
3,4662,2,4,55,404359,Kolkata,631021.4705478945
1,3708,1,0,1,704008,Kolkata,434365.9590047745
0,3697,3,2,45,389258,Kolkata,491446.55310915294
3,4542,0,4,47,767242,Kolkata,631447.4117600374
4,4897,1,3,26,999574,Kolkata,621144.1515246785
3,2911,0,1,14,772633,Kolkata,429083.1802149414
0,2446,1,2,54,468350,Kolkata,410483.44928010093
3,1900,1,2,46,669935,Kolkata,390885.96906368376
2,3112,4,1,31,575881,Kolkata,431401.8181788687
3,4084,3,1,59,820252,Kolkata,472436.0565453173
1,3260,3,3,29,666967,Kolkata,510604.0393703842
1,3009,1,2,17,362571,Kolkata,467257.0654400165
2,1241,2,2,14,852312,Kolkata,364382.2095420281
0,3540,2,0,36,690555,Kolkata,403707.5755369957
1,4284,0,4,58,100799,Kolkata,600509.3528073881
4,4764,0,4,24,417803,Kolkata,657108.1355784462
1,3385,4,0,63,587625,Kolkata,386682.6157329261
1,3020,1,4,25,631313,Kolkata,542488.9781238202
0,1172,0,1,59,638769,Kolkata,285828.9274846412
3,1671,0,4,32,387555,Kolkata,466579.8353037212
1,1163,1,4,18,852254,Kolkata,433319.4999502513
2,1464,4,0,37,730216,Kolkata,287328.6829985182
3,4042,0,3,26,747302,Kolkata,567239.5806309553
4,1496,4,4,9,508177,Kolkata,473345.3037729107
0,1699,3,4,64,514983,Kolkata,440327.2845804432
4,3442,4,3,20,614111,Kolkata,541422.3198509625
3,1702,2,0,54,151690,Kolkata,295916.32978924375
3,2940,2,3,30,677158,Kolkata,501781.60199423437
3,3355,4,0,53,791495,Kolkata,401323.71307304176
4,2791,2,1,63,186928,Kolkata,402220.9048299435
3,1182,3,0,11,621921,Kolkata,291558.6788567411
4,1628,1,1,31,834158,Kolkata,345760.05155126547
3,4865,2,1,49,695053,Kolkata,528817.736222512
2,3557,2,0,19,385916,Kolkata,422693.10645047144
3,2731,4,2,12,905231,Kolkata,463068.2652211481
4,1545,3,0,15,474195,Kolkata,313641.98214490595
1,2587,1,4,31,754229,Kolkata,510944.3808951331
3,1623,4,4,43,123555,Kolkata,458160.6417260188
1,4835,4,2,37,978584,Kolkata,566889.1594570257
2,1593,3,1,29,489363,Kolkata,343041.81372817117
0,1743,1,2,26,497477,Kolkata,378578.6336331369
2,4298,3,4,2,481977,Kolkata,634826.1499876867
3,2768,1,2,15,955434,Kolkata,461039.7158288464
1,4804,3,0,4,408697,Kolkata,502592.7085294976
1,2459,4,2,50,365232,Kolkata,419650.8367356358
4,2948,4,1,38,670071,Kolkata,426041.6871615586
1,4493,0,0,23,625403,Kolkata,467949.73275690054
4,3601,2,3,59,823486,Kolkata,531178.4481421957
0,3068,3,4,28,172908,Kolkata,543332.980351858
3,3601,0,4,66,693397,Kolkata,564607.2746665115
4,3444,2,2,8,889410,Kolkata,505970.03018444905
0,3672,3,0,29,471087,Kolkata,418558.91525940964
1,1104,1,3,11,109422,Kolkata,396357.55687752867
1,3239,2,0,18,274698,Kolkata,399447.66157742735
0,1016,4,4,55,713521,Kolkata,406312.5623613592
1,4191,0,0,50,942606,Kolkata,440482.9703711524
0,1392,2,3,14,589572,Kolkata,405128.5672076752
4,1424,2,2,9,137743,Kolkata,391599.19560924295
4,3176,4,1,11,825821,Kolkata,455506.15595729306
0,4201,3,0,63,550415,Kolkata,432608.05629440694
4,1571,1,1,67,492432,Kolkata,325690.9843116306
4,4631,4,4,53,753288,Kolkata,640349.5548892275
4,3076,1,2,39,484922,Kolkata,466939.4350026711
2,2120,3,2,56,653718,Kolkata,402364.17553581926
3,4081,2,0,28,128834,Kolkata,455117.7831468847
1,1241,1,2,39,648723,Kolkata,350888.0271936045
2,4897,0,0,25,187212,Kolkata,497381.51432736736
4,3279,0,0,21,680085,Kolkata,409519.42160784075
0,1788,4,1,10,536770,Kolkata,352931.38559329946
4,4355,3,2,43,678843,Kolkata,548427.1492176936
3,1714,4,0,15,185350,Kolkata,318314.90584068745
4,1758,4,1,48,114716,Kolkata,349105.2861336306
0,3849,4,3,21,160261,Kolkata,553532.7982533505
3,1775,0,1,60,888427,Kolkata,335181.34336632735
4,3773,0,1,50,646702,Kolkata,467467.8935279664
3,3247,4,0,23,769204,Kolkata,407284.5178442203
1,3992,0,4,13,792019,Kolkata,602003.7613634081
1,1078,3,4,69,115522,Kolkata,403839.99464246334
4,4984,4,4,4,598665,Kolkata,687656.3708999405
3,4003,0,1,9,491776,Kolkata,493805.9949732752
0,4926,1,0,35,960466,Kolkata,488848.1549744752
4,1855,4,2,21,928754,Kolkata,409043.34687338915
1,4244,4,1,58,429782,Kolkata,481296.5993965418
1,3514,3,1,18,987766,Kolkata,461865.1883015665
4,3628,2,0,43,763884,Kolkata,419611.5675141407
3,2439,2,3,6,655134,Kolkata,483859.7327900204
1,3987,3,1,67,960075,Kolkata,460673.1398620332
3,3496,3,3,12,739218,Kolkata,551591.4987841002
1,3134,3,3,12,386543,Kolkata,516997.79764641536
1,3148,2,4,66,830520,Kolkata,530428.5058771109
2,2031,3,0,2,323734,Kolkata,339188.32900082675
1,1844,0,3,15,844027,Kolkata,435857.2571571238
0,4271,4,0,23,223182,Kolkata,456212.3651867271
4,4576,4,4,29,148591,Kolkata,649450.6452088666
4,1086,1,0,7,251786,Kolkata,288208.374652971
3,3090,1,1,28,398021,Kolkata,431931.7896743436
1,4456,4,3,14,184106,Kolkata,594109.0399238078
0,4692,0,0,44,702306,Kolkata,467707.13969405147
3,4506,2,2,30,461998,Kolkata,560164.2434968423
2,1407,2,0,32,264486,Kolkata,284766.6788124416
3,4554,0,3,6,745120,Kolkata,610907.8337807866
3,3711,2,4,27,710864,Kolkata,588748.5191399747
1,4088,3,4,24,834303,Kolkata,606200.385331047
2,2668,4,3,34,878952,Kolkata,485680.73167060595
3,1147,4,1,40,800828,Kolkata,314203.06676529854
0,3324,0,1,47,835062,Kolkata,424637.9302600768
0,1231,2,4,24,827468,Kolkata,427216.45347138343
4,4897,1,4,65,192508,Kolkata,645214.2142571266
2,2950,1,3,18,408979,Kolkata,506213.62800617336
2,1365,2,1,44,818693,Kolkata,315001.86898415803
4,4299,1,4,57,666752,Kolkata,613732.2292201828
3,2674,0,1,28,998886,Kolkata,407973.3074212386
2,1435,0,4,23,778283,Kolkata,447577.72257331037
0,1398,2,0,34,216062,Kolkata,273521.4268261024
0,2234,1,2,11,953877,Kolkata,414552.34376751166
1,2414,0,0,35,472598,Kolkata,340008.97042322304
2,3546,0,4,42,722672,Kolkata,566646.0029422742
3,3587,3,2,28,822979,Kolkata,505976.0972529262
4,1562,3,2,24,801506,Kolkata,388962.0367704692
4,4562,0,4,8,422176,Kolkata,657481.0694358761
3,3489,2,4,53,475665,Kolkata,562365.0356035013
1,2284,4,1,4,641428,Kolkata,391703.5434102182
4,1772,4,4,5,364814,Kolkata,490229.5704579507
2,3397,0,3,49,398663,Kolkata,516520.42539829604
1,3037,0,4,30,668800,Kolkata,539459.8717805457
2,4423,0,3,63,203565,Kolkata,567893.7583523593
0,3567,2,4,47,770051,Kolkata,560205.6955077823
1,2343,3,1,26,991588,Kolkata,382726.1961544233
4,3185,0,3,57,789622,Kolkata,505401.38212000957
1,2573,0,0,37,285964,Kolkata,349334.33442996716
1,4694,1,3,7,649883,Kolkata,609077.8147666622
1,1991,2,1,40,288279,Kolkata,357642.0171160663
1,3415,0,3,39,346661,Kolkata,519307.3806012537
2,4291,1,4,62,264512,Kolkata,604157.4822381071
0,4408,4,4,53,370774,Kolkata,615670.6285493944
3,2246,0,1,4,524466,Kolkata,392141.4023482135
1,4719,0,2,25,360300,Kolkata,563862.7517351287
4,4839,1,4,7,339644,Kolkata,672285.3609271984
1,1359,2,0,28,854108,Kolkata,283134.93538641563
4,1920,0,1,69,993893,Kolkata,347692.23273413326
2,3376,4,3,67,832878,Kolkata,510157.8987532227
4,4009,0,3,20,174191,Kolkata,576623.5877906304
3,3510,4,0,11,200591,Kolkata,427999.2240193068
0,3993,3,4,67,688041,Kolkata,576667.6997030724
4,1962,3,1,7,603477,Kolkata,384496.575120526
4,4632,4,0,23,684808,Kolkata,495613.7123270587
0,2827,2,4,61,366152,Kolkata,509616.6472897164
3,4453,0,1,34,537680,Kolkata,508673.51158183295
1,3883,0,3,19,469552,Kolkata,557413.1921622698
4,2613,3,1,58,362640,Kolkata,393217.0691580351
0,2640,4,2,9,461911,Kolkata,443747.66828845977
2,3216,0,1,48,385356,Kolkata,425189.85150205786
0,1216,0,2,41,907069,Kolkata,335655.01493294263
2,1377,2,1,48,931659,Kolkata,317842.15343274194
3,1118,1,2,45,575629,Kolkata,346333.8883934826
1,1189,3,3,25,220118,Kolkata,393134.39288272825
0,3814,3,4,25,838706,Kolkata,586815.76368288
4,1369,1,2,19,372028,Kolkata,377401.3581906672
3,2801,0,2,39,216481,Kolkata,446981.7452449053
0,3196,2,3,27,168259,Kolkata,508629.1452549966
4,4747,2,2,63,149810,Kolkata,558821.210139229
0,1651,3,0,68,229926,Kolkata,276284.9043065772
2,2882,2,3,19,629049,Kolkata,501108.5428293305
0,2511,1,0,28,882702,Kolkata,344954.9426550175
0,1769,0,3,33,116375,Kolkata,418196.98524687527
0,3421,1,2,10,338117,Kolkata,490822.19968586304
3,1780,4,0,30,261637,Kolkata,314750.4617096642
0,2716,3,2,22,202654,Kolkata,443750.9465832919
4,3207,2,3,3,919407,Kolkata,537958.8608210284
2,3398,4,2,48,782433,Kolkata,477312.27223598683
2,4983,2,0,2,300798,Kolkata,517933.08895030763
0,2311,0,0,54,232955,Kolkata,323772.90266131196
3,4359,0,2,6,804989,Kolkata,558363.8086186749
3,3939,0,1,40,819530,Kolkata,475997.60918259196
4,2249,2,3,2,174489,Kolkata,479513.9876768093
0,1522,4,3,2,632669,Kolkata,423561.2115095986
2,1521,0,2,55,244867,Kolkata,360781.5570532996
3,1782,4,1,60,162999,Kolkata,337738.6775953583
0,3320,2,0,6,412051,Kolkata,404467.7578995317
3,1935,4,4,19,956899,Kolkata,491614.6256997834
3,4473,2,4,27,929055,Kolkata,636589.9564602405
2,3230,2,2,1,793852,Kolkata,488967.76418552094
1,2688,3,1,33,519627,Kolkata,402780.52036057605
4,1487,2,1,40,997156,Kolkata,333620.57346748404
4,2850,2,3,32,251606,Kolkata,501071.5542439938
2,1845,1,0,69,522397,Kolkata,292856.9617771421
3,3171,0,1,17,465213,Kolkata,439602.6223980989
0,4032,3,4,8,644284,Kolkata,609289.9096043608
3,4697,3,0,57,827449,Kolkata,477104.21376699884
2,3837,3,0,42,205682,Kolkata,427284.64793634077
4,3461,1,2,9,445753,Kolkata,507487.61547122104
3,3003,2,1,35,609220,Kolkata,425880.9740855252
4,2748,0,2,53,784765,Kolkata,438429.72346867324
0,4243,4,1,54,463634,Kolkata,477889.9922995046
4,4359,2,3,25,882260,Kolkata,595466.8697930648
4,4506,1,2,67,171325,Kolkata,540806.5225460198
1,1685,2,2,62,653218,Kolkata,363017.9418725411
1,3160,2,4,55,476570,Kolkata,537903.3850923923
1,3935,1,2,46,117529,Kolkata,504833.35143592465
4,4988,3,1,24,677834,Kolkata,558238.3565022276
2,3169,3,4,46,370086,Kolkata,542630.9748442222
4,2567,0,2,22,893980,Kolkata,442596.01233355585
2,2245,0,2,11,511512,Kolkata,426957.8723229369
2,4702,3,3,48,806376,Kolkata,595152.0974812559
1,1038,4,2,8,722068,Kolkata,352345.852823454
3,3544,2,0,39,362440,Kolkata,417109.46654763934
0,1779,4,4,35,167945,Kolkata,460245.46282790706
1,2256,2,0,49,159980,Kolkata,326680.72363172984
1,3990,3,4,46,943214,Kolkata,590179.176114495
3,4601,0,3,38,265301,Kolkata,597785.0630439506
0,3196,0,2,8,720670,Kolkata,474737.1550400432
4,4468,4,2,54,153444,Kolkata,547240.3754482594
4,4069,0,2,37,397180,Kolkata,533101.2027150694
1,3708,3,4,40,608898,Kolkata,579712.9243527197
0,4709,4,2,34,360186,Kolkata,556086.7186341346
1,2927,2,0,17,925754,Kolkata,380763.20792637113
2,1301,0,2,33,782527,Kolkata,360512.45359682257
1,4431,1,3,47,938099,Kolkata,573383.559169877
1,3285,0,0,52,718815,Kolkata,381231.7839263838
4,1646,2,2,9,183337,Kolkata,401200.1209446097
4,1662,4,2,33,413612,Kolkata,395760.98912052246
4,3283,2,1,60,172894,Kolkata,433087.6631037349
2,2759,1,4,21,546300,Kolkata,534139.6224789734
4,3250,3,0,58,687426,Kolkata,390965.1204874227
0,1255,0,1,69,384732,Kolkata,289522.1046838721
3,1597,4,3,10,949333,Kolkata,434100.7705762969
0,1661,3,4,6,510887,Kolkata,471393.2501572535
0,1234,2,0,13,183038,Kolkata,280737.38168882625
4,2368,4,2,65,524861,Kolkata,422138.8334737027
3,3581,3,0,20,762997,Kolkata,426469.0214218052
3,3907,4,2,57,469355,Kolkata,509990.9964148119
3,4868,1,4,46,893354,Kolkata,650830.3338486481
2,4852,1,2,8,717985,Kolkata,582807.0647273483
4,4537,0,3,10,275793,Kolkata,611482.1103994548
3,1769,0,2,67,550472,Kolkata,374457.9560727177
2,3588,1,3,11,876385,Kolkata,545679.268944537
1,1212,4,4,12,955938,Kolkata,441313.28708052594
1,1462,1,4,10,300015,Kolkata,454180.68844766024
2,3483,0,0,25,224338,Kolkata,409792.5952304226
2,1282,1,3,49,127843,Kolkata,391127.985734187
4,4633,1,3,49,764406,Kolkata,597068.6633285482
4,4678,4,1,11,465208,Kolkata,541557.7853395024
1,2486,3,1,62,327997,Kolkata,374218.13967034547
3,2430,0,1,36,226417,Kolkata,387778.767958235
1,1087,4,2,39,216585,Kolkata,340668.9392797898
3,2067,1,1,53,654634,Kolkata,360141.257621332
3,1460,1,3,56,319356,Kolkata,399469.10773618513
4,3325,3,2,1,485296,Kolkata,501646.0980554121
0,4754,0,4,56,998201,Kolkata,627906.4859774116
0,3468,0,0,4,726679,Kolkata,412423.6090486213
2,2724,2,1,30,584600,Kolkata,405002.0916422895
4,2376,0,4,12,546742,Kolkata,519130.9258780439
3,3743,3,3,35,959575,Kolkata,550199.2019779492
0,1514,2,0,52,923219,Kolkata,274291.5150855874
3,1702,2,4,31,920015,Kolkata,470596.14222571626
0,2653,1,0,68,243635,Kolkata,337470.2279850208
0,3066,1,1,52,277132,Kolkata,405601.6010431353
0,1022,0,3,7,360609,Kolkata,383943.9851519365
4,3460,2,0,22,746231,Kolkata,421556.19725062564
1,2053,1,4,56,869822,Kolkata,469058.1165826406
3,2830,3,1,58,789050,Kolkata,403567.27806247486
4,3155,1,1,64,473377,Kolkata,421299.17697958095
4,4438,1,4,12,325784,Kolkata,642685.979006467
4,2304,2,4,7,114925,Kolkata,516322.22231439914
4,4199,2,0,55,842147,Kolkata,448430.5648895971
4,4300,4,2,62,183184,Kolkata,537528.8317237038
2,2134,3,1,55,700803,Kolkata,360411.9855461284
3,3183,2,0,36,299330,Kolkata,394596.92935452494
4,1361,0,4,24,760715,Kolkata,455119.5735931148
3,4257,3,0,44,408213,Kolkata,453844.23368979717
2,4727,3,4,17,849695,Kolkata,654233.5001031113
2,4655,2,3,2,200854,Kolkata,612727.2897513201
3,3176,3,4,13,940903,Kolkata,567752.038052307
0,2899,2,4,31,394849,Kolkata,528959.0303520908
1,2284,1,4,28,274981,Kolkata,496606.6164463773
0,1514,4,2,60,319678,Kolkata,355175.23615991964
0,1448,1,4,27,228501,Kolkata,443931.98959305824
0,2923,2,1,15,216361,Kolkata,415462.17276934546
4,4175,2,1,33,284811,Kolkata,502365.43865576136
2,2506,1,0,20,307892,Kolkata,356941.0961033627
0,2247,0,2,42,711561,Kolkata,397879.7029966709
2,2855,0,0,12,385385,Kolkata,381082.48875018436
3,1873,0,1,23,520630,Kolkata,362174.2581802847
1,4937,2,1,14,150818,Kolkata,541192.2962061081
3,4562,3,3,25,251967,Kolkata,606885.7164874143
3,3520,2,4,31,454451,Kolkata,575853.3668816957
4,4081,3,1,54,293481,Kolkata,483897.81608492875
1,2428,1,0,5,548540,Kolkata,354850.5249285179
3,4967,4,0,13,429064,Kolkata,512102.0475776404
3,3349,3,4,28,546771,Kolkata,567953.7327545593
1,3278,0,4,43,218642,Kolkata,545756.2813909885
1,2754,2,3,47,427597,Kolkata,475479.7889323072
3,1922,1,2,38,909121,Kolkata,391317.0510162378
1,4137,0,0,67,295428,Kolkata,428153.10604671965
3,3984,1,4,62,848371,Kolkata,590453.3474028873
3,3159,4,0,39,501468,Kolkata,396402.92249117873
4,2036,2,4,37,917276,Kolkata,486676.6890438332
0,2416,2,1,8,195687,Kolkata,390374.3371603363
3,3547,4,0,52,598758,Kolkata,412702.87124029914
2,3979,2,1,33,909797,Kolkata,482294.99163545575
0,3645,3,0,42,761386,Kolkata,411657.86187650514
0,3281,1,2,27,984735,Kolkata,472565.4299491444
0,3649,0,3,8,390667,Kolkata,542828.0522841163
4,1313,4,1,23,614513,Kolkata,332164.10160762334
3,3613,3,4,64,241554,Kolkata,569909.7523884546
4,4083,0,2,20,212105,Kolkata,538059.3715166679
3,3256,0,0,16,935320,Kolkata,407427.88195487147
4,2997,4,1,17,738172,Kolkata,439254.34114551207
4,2037,3,0,19,731256,Kolkata,334930.6954831358
2,2656,0,0,8,936542,Kolkata,369737.08855192654
4,4489,0,0,38,846004,Kolkata,475247.762740073
1,4508,3,3,38,493709,Kolkata,586382.8283944377
2,4448,2,3,53,549410,Kolkata,579303.6459516728
4,4091,0,4,31,706289,Kolkata,615527.6938806227
0,3634,1,1,44,139767,Kolkata,443393.51883871504
1,4983,3,2,60,653838,Kolkata,562949.6994387084
1,2778,0,2,17,624261,Kolkata,449897.6257488824
1,4806,4,2,39,244905,Kolkata,566406.9979090883
2,2014,1,0,42,234042,Kolkata,316371.8039235861
4,2093,0,3,48,722603,Kolkata,442017.8056919422
4,4895,1,1,12,195494,Kolkata,552303.6342573098
0,4282,1,0,18,751712,Kolkata,458386.5409019374
0,2124,2,3,6,182681,Kolkata,457154.0388456366
1,1697,1,3,43,987921,Kolkata,413881.15184836957
0,3179,2,1,35,804537,Kolkata,420268.00664720143
2,4694,3,1,54,352411,Kolkata,512827.25850836985
4,2404,2,1,62,816861,Kolkata,380190.1142953784
1,2155,4,0,69,653188,Kolkata,312532.4295163145
0,2043,0,4,16,114126,Kolkata,483594.1431744463
2,2929,3,1,8,735486,Kolkata,430236.78492390364
2,3583,3,4,31,826050,Kolkata,580197.0308595512
0,2013,4,0,10,843104,Kolkata,326498.8698148099
4,1226,2,4,56,441447,Kolkata,431929.29814574827
0,4225,0,2,20,316651,Kolkata,532999.5748238135
1,2828,2,4,5,429205,Kolkata,542333.2716140072
0,4813,1,1,23,592280,Kolkata,527478.1899404506
2,2492,2,0,9,116978,Kolkata,364167.8299872403
0,1821,3,1,58,680632,Kolkata,329162.61224541476
4,3023,0,2,59,408792,Kolkata,455915.11509985966
3,1870,2,1,54,363199,Kolkata,345381.5090831159
0,3452,0,1,46,175582,Kolkata,431541.051887294
4,3249,0,1,22,332459,Kolkata,445602.32013999164
4,3085,1,3,64,705502,Kolkata,498789.9334127039
2,3989,1,2,8,538092,Kolkata,528409.6965056388
4,2795,3,1,20,611579,Kolkata,425934.56238521694
4,1187,4,1,51,847520,Kolkata,313750.69557563803
4,2080,0,1,39,994386,Kolkata,373104.31928815506
4,1940,4,0,37,663013,Kolkata,325490.79969595757
1,4091,3,3,50,498471,Kolkata,555050.2066056094
1,3320,0,0,34,568163,Kolkata,395565.0645650588
2,4190,0,3,33,939812,Kolkata,570607.0145708431
0,3630,4,1,31,870008,Kolkata,454849.6656145998
4,3563,2,2,54,677621,Kolkata,494768.8000841772
0,4292,1,4,44,404603,Kolkata,603984.9703247183
0,1525,2,4,34,886198,Kolkata,446890.52033806295
2,4586,4,1,62,398307,Kolkata,500801.7322889708
4,4799,1,0,23,265043,Kolkata,504646.95975270966
4,4812,2,2,46,589987,Kolkata,568143.6678371093
3,1335,1,3,56,820509,Kolkata,395804.37462339504
0,3745,0,1,7,446874,Kolkata,465467.0750633916
0,2078,2,2,61,381620,Kolkata,388141.16823681956
1,3547,1,2,3,430724,Kolkata,504641.7524271598
3,3947,1,3,38,351831,Kolkata,556930.2315348323
1,4959,1,2,34,992008,Kolkata,577270.2395337103
1,3813,2,0,44,448737,Kolkata,418602.25985521474
1,3583,3,0,30,824410,Kolkata,414525.2922410269
2,1161,2,0,17,306598,Kolkata,284369.42458195874
2,4741,4,2,59,597712,Kolkata,555751.0763090218
1,1593,2,0,10,995503,Kolkata,300527.970404436
3,2938,1,3,18,739120,Kolkata,507733.41556525405
0,3206,0,2,45,500723,Kolkata,457136.48107498186
3,4259,2,4,59,563609,Kolkata,608417.0337531284
4,1059,2,2,62,767478,Kolkata,338451.11405627744
2,3962,1,3,59,281601,Kolkata,546311.7009956671
0,4888,0,4,49,168682,Kolkata,633723.8914984161
0,4390,0,2,63,323009,Kolkata,518804.193919629
4,2901,4,0,32,547392,Kolkata,386683.6872640638
4,3258,2,1,10,346553,Kolkata,454955.71638512687
1,1405,0,1,11,453857,Kolkata,332991.88716691587
2,1663,0,0,62,466204,Kolkata,283295.7263149305
2,2132,3,1,47,759774,Kolkata,363706.6581786733
3,2099,3,1,34,183030,Kolkata,371730.08606978157
1,1541,0,0,17,220360,Kolkata,293930.63825286535
1,2337,4,0,54,972405,Kolkata,329340.98199042317
1,1997,0,2,40,759297,Kolkata,389196.13569023187
1,2140,1,2,19,923163,Kolkata,411012.7775464508
2,3974,2,0,67,794025,Kolkata,423000.5483089906
2,1867,4,3,53,567726,Kolkata,422665.3236218533
1,4775,1,1,64,605897,Kolkata,508747.00328184105
3,3066,4,2,47,214360,Kolkata,464980.74933701893
0,1431,1,1,6,363894,Kolkata,332924.0015525774
0,4756,2,4,16,689306,Kolkata,647364.93815228
3,1739,2,0,18,497243,Kolkata,315038.63283741643
1,2373,3,3,52,865192,Kolkata,451379.85429617506
2,1182,1,4,48,236817,Kolkata,425166.19416729885
0,3160,3,4,43,292803,Kolkata,536719.3824210675
4,2206,1,4,39,711272,Kolkata,495638.34796682413
4,3528,3,0,49,994415,Kolkata,413687.8312280978
3,2169,2,2,12,914883,Kolkata,425397.34092993534
1,1830,4,0,10,455887,Kolkata,320767.6723307625
0,2651,3,2,55,957906,Kolkata,421976.6041085921
1,2136,1,4,1,816896,Kolkata,500979.99909159436
0,3810,1,4,49,112150,Kolkata,575543.6360388987
3,1475,2,3,36,899838,Kolkata,413576.7767771947
3,3810,1,2,21,250853,Kolkata,519212.30330867285
4,2326,0,4,37,288489,Kolkata,502846.5769061085
1,1970,4,1,24,989589,Kolkata,360756.0268244489
4,4896,3,3,55,642613,Kolkata,614943.4683580936
1,2019,4,0,25,299756,Kolkata,323703.0292122834
4,2141,2,3,7,980847,Kolkata,469024.4957430126
2,2836,3,1,24,607763,Kolkata,421356.06623755756
2,1160,3,2,11,828829,Kolkata,366148.9187478534
2,3448,0,0,12,117669,Kolkata,416631.0931617343
2,1197,2,0,35,434154,Kolkata,270154.6709968625
0,2283,1,2,63,606199,Kolkata,395926.7176945459
2,1659,0,3,68,307836,Kolkata,400559.86400334176
3,2775,0,4,57,592290,Kolkata,519777.0655256241
3,2070,4,3,13,232915,Kolkata,460721.89317847474
0,3010,4,1,23,296681,Kolkata,424390.7911357905
2,1398,4,4,39,675100,Kolkata,443342.5167372083
2,2733,0,3,12,902491,Kolkata,498709.4669692072
2,2582,1,2,34,448413,Kolkata,435310.11556975933
4,3125,3,1,31,877150,Kolkata,441768.6112681089
1,3171,4,1,62,271840,Kolkata,414179.79928198026
4,1074,1,1,13,125395,Kolkata,320317.29949598364
1,4942,2,4,31,382346,Kolkata,650407.5543912862
2,3184,4,0,2,329707,Kolkata,412593.2076761601
2,1601,3,4,15,871469,Kolkata,467696.02781995205
4,4471,2,3,57,828408,Kolkata,583264.8490989566
4,1836,2,0,34,324839,Kolkata,321796.4061021717
1,2528,3,3,68,319882,Kolkata,454991.98803352163
3,1499,4,0,29,727523,Kolkata,302204.77168074105
1,2596,0,4,66,669798,Kolkata,492080.4279431143
4,1137,3,1,16,712233,Kolkata,329712.82260209153
4,3097,3,2,39,342802,Kolkata,474088.08395135106
0,2794,3,1,37,874456,Kolkata,402995.24607461516
4,1972,2,4,21,957081,Kolkata,494905.46232908877
0,2642,1,0,44,993155,Kolkata,345866.03112569527
3,4696,0,1,19,627169,Kolkata,534779.9704689244
1,2885,4,4,8,932345,Kolkata,546803.7988763687
1,3301,4,3,66,736148,Kolkata,503223.53119754605
0,4701,1,2,41,971217,Kolkata,549583.9051986984
1,3028,3,1,61,558253,Kolkata,405835.18125201104
4,3757,0,0,26,948889,Kolkata,432952.37281550665
2,4920,4,3,29,266415,Kolkata,619579.7518618668
0,2900,4,4,66,555605,Kolkata,514580.78707727796
1,3610,3,2,19,571466,Kolkata,503228.3756351968
0,3804,1,0,68,239728,Kolkata,401280.9357801394
0,4986,0,4,58,367885,Kolkata,640724.6908404701
2,2449,1,4,57,247733,Kolkata,501386.1505707406
4,1546,1,1,37,983523,Kolkata,337454.5510908427
0,4373,0,1,61,915122,Kolkata,479468.23639591224
1,1921,0,0,30,394977,Kolkata,311016.8091488971
3,1580,4,4,25,726854,Kolkata,466110.22848761384
0,2372,4,1,65,171240,Kolkata,362367.81200096366
0,4903,0,2,6,731186,Kolkata,577785.334122825
2,2956,2,2,18,439855,Kolkata,465806.1604118563
4,3003,4,4,10,309304,Kolkata,563354.4863971856
3,3096,2,1,11,925455,Kolkata,443203.2039320151
1,3964,0,0,65,926641,Kolkata,420272.9858099707
3,4145,4,0,65,455734,Kolkata,440171.0422826705
1,1703,1,0,52,973044,Kolkata,288056.32872962067
4,3308,0,2,67,180522,Kolkata,470372.6782953978
1,3403,3,1,31,473798,Kolkata,444480.3457579456
2,4653,2,1,17,769800,Kolkata,528294.3448083506
2,2625,0,2,55,219107,Kolkata,426970.03344965365
2,4331,0,0,36,501176,Kolkata,457093.7028425483
2,1637,4,0,26,122462,Kolkata,304159.2319618911
3,3790,4,4,53,904253,Kolkata,581101.3656904136
4,4366,4,3,17,520474,Kolkata,600804.1537852088
1,2009,3,1,25,192889,Kolkata,359514.9540382989
1,3978,4,1,2,188952,Kolkata,492401.19230232807
2,1640,0,1,5,817884,Kolkata,353058.96147319465
2,3839,4,3,4,515331,Kolkata,565329.6606523287
0,4384,1,4,36,801793,Kolkata,613660.3101116673
4,3659,4,3,6,321576,Kolkata,564670.9473355346
3,2861,3,0,21,843681,Kolkata,383682.81159133755
1,3856,1,0,26,598149,Kolkata,430397.330345519
0,2205,0,1,55,965796,Kolkata,353450.7776271053
0,1685,0,2,39,956509,Kolkata,370528.1984011332
1,2851,2,1,33,402788,Kolkata,408563.0522570793
3,4435,1,2,14,424787,Kolkata,559248.4781643942
0,1187,2,3,56,375455,Kolkata,374949.4718661002
0,4640,1,0,21,354084,Kolkata,474278.5198795035
4,4614,1,2,46,229466,Kolkata,560214.7571169505
3,2619,3,3,16,130531,Kolkata,492979.3887826433
0,2687,2,0,16,114588,Kolkata,363618.05368762655
3,1984,3,2,29,935848,Kolkata,407520.2090085467
1,1547,1,1,8,243452,Kolkata,338040.06240217533
2,3772,0,1,3,798005,Kolkata,483594.70472402347
0,3973,1,1,19,511034,Kolkata,479557.34209777036
4,2431,3,3,66,261929,Kolkata,457937.2196482114
1,1875,2,1,22,645999,Kolkata,357017.6193700312
3,1617,2,4,46,760457,Kolkata,456397.6793990472
1,3461,3,0,13,783753,Kolkata,414993.9959410871
0,2365,2,3,33,908508,Kolkata,457783.5874347791
3,2243,4,1,5,446418,Kolkata,395218.3214823183
2,1902,0,0,27,419753,Kolkata,319332.25319919246
1,1162,0,2,24,784677,Kolkata,350788.56072990026
0,2974,0,1,67,597981,Kolkata,394853.1174528487
4,4291,2,0,63,158480,Kolkata,453118.1707461469
3,1269,2,4,48,893476,Kolkata,435205.46157551906
1,1631,1,2,63,874597,Kolkata,359790.46086329286
1,1905,1,4,12,155486,Kolkata,479846.3621058895
2,4919,0,0,28,155162,Kolkata,497265.0514446896
2,4471,4,4,44,834647,Kolkata,628092.7816880824
4,4253,1,0,43,129882,Kolkata,460118.51942317124
4,3014,1,0,17,678366,Kolkata,398342.5069297206
0,2641,2,4,40,945166,Kolkata,504268.493373808
0,4800,4,0,49,338680,Kolkata,475073.55176218547
4,1204,0,1,57,733018,Kolkata,307103.4215573004
4,1581,1,0,64,274898,Kolkata,285653.4848638768
3,2579,4,3,57,450129,Kolkata,472047.51524227456
2,1840,4,0,43,406172,Kolkata,304849.3826137809
0,2836,0,3,23,612871,Kolkata,488333.2714958026
2,2251,4,0,27,723226,Kolkata,344218.47649880644
2,2719,4,0,58,742607,Kolkata,353720.31652346224
4,2642,4,4,37,656831,Kolkata,527871.3221120447
3,3643,1,1,6,748567,Kolkata,478515.11847138667
1,4921,0,1,65,129362,Kolkata,513232.6906931513
3,3297,4,2,6,520531,Kolkata,500141.5529535449
3,1874,4,4,50,258818,Kolkata,469604.3713046471
2,2464,1,4,22,503273,Kolkata,511405.11618876125
3,4604,0,1,25,342721,Kolkata,524331.9814532998
0,3243,2,4,51,929347,Kolkata,539026.6260374109
2,1689,1,1,48,937802,Kolkata,330897.99137765804
0,3010,0,4,65,789517,Kolkata,518930.62190483924
1,4590,4,0,60,473519,Kolkata,460570.5659232327
2,4141,0,1,46,242394,Kolkata,482481.3598387181
1,3686,0,1,36,694100,Kolkata,458370.3665026663
2,2422,0,3,58,571058,Kolkata,452815.20875255874
4,3001,2,4,38,920449,Kolkata,549606.5841317342
3,1671,0,4,11,943224,Kolkata,473033.89190731006
4,4831,2,1,12,328208,Kolkata,552701.9707076601
1,4274,4,0,42,491342,Kolkata,449788.2710080338
3,2171,2,0,39,904061,Kolkata,331617.7170247436
2,2495,4,0,11,752902,Kolkata,361290.6691780249
3,4726,4,4,36,196950,Kolkata,650096.8491098318
0,1943,2,3,52,274942,Kolkata,421841.8550286859
3,3246,1,1,31,164829,Kolkata,441793.61677078705
0,4988,3,2,33,869890,Kolkata,570916.8274805692
3,2449,0,3,13,634876,Kolkata,481189.95249292604
0,4737,3,2,18,991712,Kolkata,567043.9647360174
1,3539,0,3,41,596195,Kolkata,525069.5434191518
4,4959,0,0,58,402865,Kolkata,490994.542426863
2,1895,4,4,56,792505,Kolkata,460689.3925383116
3,3189,0,2,24,372743,Kolkata,480752.9578080068
4,2336,0,3,31,434738,Kolkata,468368.3407301941
2,1164,2,4,55,575958,Kolkata,420900.4822114194
2,3361,3,2,10,832790,Kolkata,495470.78592642036
0,3068,2,1,60,758299,Kolkata,404549.0044940538
1,2105,0,3,2,352856,Kolkata,458774.23858837853
1,4652,4,1,15,384293,Kolkata,523905.9565809152
4,4202,2,0,3,821927,Kolkata,478902.0405524786
1,4670,2,1,43,241280,Kolkata,512335.7150086592
3,2753,1,1,31,297170,Kolkata,413934.148536952
1,4031,0,3,67,471178,Kolkata,539441.0891692296
4,3352,4,0,56,280564,Kolkata,399756.80437482515
1,2938,2,1,63,120951,Kolkata,398483.32118441816
3,1370,2,4,15,279992,Kolkata,457699.9740818637
0,2880,4,2,10,671054,Kolkata,459251.29489667393
4,1852,0,1,38,943446,Kolkata,357265.0265752511
0,1383,1,0,47,259423,Kolkata,267705.7481898809
0,2931,2,1,57,577432,Kolkata,397429.7844360222
0,3492,1,2,50,542602,Kolkata,477993.1058980894
2,1424,3,0,15,711410,Kolkata,297654.53372706514
2,3208,0,3,18,895740,Kolkata,520354.99245385197
0,4249,3,0,2,945684,Kolkata,461994.86002562207
4,1628,3,3,43,568361,Kolkata,425888.57504669
3,4779,3,0,26,183211,Kolkata,498872.9301706465
3,1894,0,2,38,521280,Kolkata,393211.1017814164
1,3537,0,2,42,547095,Kolkata,485313.45186874346
4,4064,4,0,5,226534,Kolkata,469999.60245468
2,3374,1,1,11,633008,Kolkata,454032.8317972131
0,1597,1,2,65,488348,Kolkata,354901.91129255
1,4062,4,3,34,536156,Kolkata,561695.4028538585
3,3336,4,3,1,704281,Kolkata,542215.2898886403
2,1592,3,4,2,409257,Kolkata,473935.126640674
2,2687,4,3,20,935358,Kolkata,492276.4576290753
0,4644,2,4,61,531419,Kolkata,620072.6317733877
3,1572,1,0,21,844261,Kolkata,304518.0940965068
4,4425,4,0,68,650193,Kolkata,457800.4577668187
2,3075,2,0,12,304580,Kolkata,401557.1354359299
0,4001,2,1,22,674673,Kolkata,476886.81087792205
4,3090,2,1,20,130653,Kolkata,441510.23624657904
3,2704,2,4,1,191865,Kolkata,545299.4110490952
2,3470,3,3,30,577936,Kolkata,534502.2452300757
4,4669,2,3,24,750101,Kolkata,613005.6796425045
4,1176,3,0,14,245871,Kolkata,286810.1646111846
4,1528,3,2,36,815463,Kolkata,379499.46965307463
2,2633,2,1,69,348535,Kolkata,383202.64502042776
2,1965,1,1,24,639340,Kolkata,364174.9929629905
1,2517,2,0,60,237116,Kolkata,336360.24471777614
3,1197,2,1,55,250943,Kolkata,307743.32817214873
0,3657,2,0,24,320375,Kolkata,420100.168465361
4,4648,1,4,24,605935,Kolkata,650328.2231094104
1,3889,0,3,54,645669,Kolkata,535944.2040085448
0,1852,0,2,26,772634,Kolkata,386860.9604905275
1,4588,3,3,66,867522,Kolkata,575182.9506208636
2,2537,3,3,38,880305,Kolkata,469698.16930103
4,3069,1,4,65,445252,Kolkata,539087.9198198143
0,4183,4,1,51,335020,Kolkata,477980.7196341516
0,2080,0,2,35,149892,Kolkata,395356.9862980902
0,4137,3,1,43,281593,Kolkata,477818.54799353064
0,3889,0,3,29,977933,Kolkata,546627.7219803507
0,1097,1,0,37,839280,Kolkata,258754.48129065314
1,4215,1,3,58,445535,Kolkata,553870.7681896085
4,2903,4,1,54,380064,Kolkata,412067.95283759915
2,1434,4,3,39,903134,Kolkata,404667.2369628242
2,1636,1,0,42,356216,Kolkata,294738.32329547993
2,4750,3,4,28,888326,Kolkata,653610.687479757
2,4157,0,1,29,917417,Kolkata,492658.1679830105
1,1587,2,3,43,259359,Kolkata,408904.8854284482
3,1343,4,1,3,883059,Kolkata,342920.26613743097
4,2317,2,4,10,225702,Kolkata,517354.9401720081
0,2979,3,3,59,173527,Kolkata,481269.9796481743
3,1570,4,3,14,246511,Kolkata,435251.9341316703
2,4721,2,1,47,849980,Kolkata,517279.8846889829
3,1610,3,1,42,928667,Kolkata,337478.65327049216
4,2727,0,0,32,783019,Kolkata,371149.5136072194
0,3290,3,4,32,387120,Kolkata,553599.5022769849
0,2854,4,0,42,335311,Kolkata,362463.4603705039
4,3608,1,3,32,969075,Kolkata,547300.0282222294
4,1959,0,1,26,823225,Kolkata,368473.09825150034
2,3079,2,3,1,469775,Kolkata,521757.97674070846
0,3438,4,3,56,823666,Kolkata,510738.0119599085
3,3324,1,2,2,680985,Kolkata,498360.69564633863
1,1531,3,2,30,694670,Kolkata,375341.5298828893
1,2177,1,3,52,903083,Kolkata,439266.22879623325
4,3430,4,1,9,280116,Kolkata,467100.60282518866
2,2091,4,3,22,114633,Kolkata,452968.48165693175
1,2901,1,2,34,179164,Kolkata,451190.6740103322
0,1883,3,1,49,887001,Kolkata,339846.63509199285
4,3261,1,3,1,553116,Kolkata,540765.0234186961
3,2678,4,4,53,953941,Kolkata,517795.74505876773
4,3423,4,4,40,223425,Kolkata,574290.3460730509
3,3791,2,3,45,987558,Kolkata,546622.7882629926
4,3260,2,1,68,874508,Kolkata,428726.7590868192
4,3126,0,3,9,489666,Kolkata,528606.0564625018
4,2749,4,3,22,395182,Kolkata,505153.4806732763
3,3675,2,2,18,280160,Kolkata,512470.6015141081
3,3651,1,4,43,304249,Kolkata,578537.7627363489
4,1781,3,2,39,305538,Kolkata,391922.03717820765
1,4994,1,2,6,565432,Kolkata,593292.5228340782
2,4452,3,3,48,822153,Kolkata,578169.0240855924
2,4048,2,2,7,567002,Kolkata,540745.7387770637
2,3727,0,4,69,400282,Kolkata,565306.9391645823
3,3105,1,2,16,301466,Kolkata,480136.8558609733
3,4867,1,4,1,572243,Kolkata,672188.6618125407
1,4097,1,2,37,584046,Kolkata,520382.20131622656
2,1880,3,4,37,287223,Kolkata,474476.169199489
2,1446,2,2,64,997172,Kolkata,349486.70507635747
4,3113,1,2,62,735462,Kolkata,459475.7475258122
3,4992,1,1,61,411416,Kolkata,528329.8854323827
2,2783,0,4,33,237980,Kolkata,527374.8095670716
1,2277,0,4,66,504060,Kolkata,475628.7323968077
1,4970,2,4,30,937887,Kolkata,658436.1916808576
2,2991,2,0,20,692735,Kolkata,387789.55000836274
3,2067,4,2,60,829887,Kolkata,400137.177671632
1,4168,0,4,24,439252,Kolkata,608599.4514179825
4,2577,4,0,4,536282,Kolkata,380736.31155970047
1,2011,3,1,37,326301,Kolkata,359378.72682800505
0,3274,4,4,4,924765,Kolkata,568258.6520960414
0,1773,1,4,18,445173,Kolkata,463420.71088709985
3,3726,4,0,66,401841,Kolkata,412517.77842203056
2,4507,2,2,48,904066,Kolkata,544256.4181225904
3,2814,3,1,33,910993,Kolkata,414870.32665451744
3,3648,1,4,58,511249,Kolkata,570749.1465428962
3,3426,4,2,28,155063,Kolkata,497152.3806005037
3,2201,3,1,35,912353,Kolkata,378138.76601000415
4,2450,3,3,10,643628,Kolkata,489695.38180603844
4,4986,1,3,65,687069,Kolkata,613001.2271372068
1,3756,4,1,42,901333,Kolkata,462508.34841029113
0,1306,3,0,9,110638,Kolkata,278747.9756770701
3,1778,3,1,60,317986,Kolkata,338906.74710352387
1,3551,0,1,15,406468,Kolkata,455794.0644254806
0,3315,3,0,57,450500,Kolkata,382350.6322717897
2,4657,0,0,69,321668,Kolkata,459995.79208883067
4,1007,4,2,22,394786,Kolkata,357571.72323383024
0,4991,4,2,64,615518,Kolkata,561164.286152805
2,3555,4,0,41,649666,Kolkata,411594.0281224437
0,1475,2,3,56,937299,Kolkata,391225.63134542445
4,2320,4,3,23,435830,Kolkata,478807.65564632084
4,3211,3,1,25,405019,Kolkata,448823.2309197432
1,1484,1,4,6,218171,Kolkata,455868.44528664
3,4668,0,1,34,462205,Kolkata,522496.5065974478
0,4143,2,1,63,839089,Kolkata,467791.632670554
0,3614,4,4,9,688665,Kolkata,585445.5677124439
2,1904,4,0,60,884627,Kolkata,303735.3019234255
4,1558,1,3,49,678979,Kolkata,412700.42221802095
0,4982,1,1,51,557519,Kolkata,522555.5258696979
4,2967,2,4,60,554055,Kolkata,531846.2305922101
0,3285,0,2,37,411207,Kolkata,468799.468532089
1,2127,4,1,31,716070,Kolkata,371857.3619478963
3,2233,2,3,41,884184,Kolkata,456269.38793690025
0,3601,3,0,62,178343,Kolkata,395595.12289294176
4,3875,3,1,58,445215,Kolkata,472381.80199982726
1,1467,2,1,14,745687,Kolkata,336563.85844871734
0,4525,4,4,36,655645,Kolkata,624948.9185077891
2,4339,2,2,36,565054,Kolkata,540244.3128613005
3,3433,4,2,8,918746,Kolkata,504760.9313217438
0,3822,1,0,26,541913,Kolkata,425649.36964987195
1,1847,2,3,36,694571,Kolkata,427417.8182800905
2,3434,4,0,48,159567,Kolkata,400479.7346914586
1,3924,2,1,28,409150,Kolkata,473290.6473167442
1,1258,2,1,68,337778,Kolkata,292827.9691759319
2,1282,4,2,62,241758,Kolkata,346753.0693252241
1,2649,4,3,51,685894,Kolkata,469417.0348607598
2,2898,0,4,42,381035,Kolkata,528712.8517062904
0,1039,2,3,29,545331,Kolkata,378769.05184468866
2,3533,3,1,10,726020,Kolkata,464178.07604862325
2,3976,2,4,39,816079,Kolkata,594919.4945296576
3,3267,2,3,1,916309,Kolkata,538002.1638379378
2,4200,4,3,39,349465,Kolkata,569042.6420808389
2,2014,2,4,21,324589,Kolkata,487822.03093813156
0,4071,2,1,65,638314,Kolkata,466692.8927451558
3,4591,3,3,15,382566,Kolkata,608262.9250742949
4,1612,4,4,4,395625,Kolkata,481860.5152801385
0,3975,2,1,60,975612,Kolkata,454254.2143926205
0,2915,1,4,61,733672,Kolkata,512932.5438835557
4,1687,0,4,20,352771,Kolkata,479153.0728565306
2,4690,3,3,10,158031,Kolkata,616333.8348735808
1,1612,2,1,34,969559,Kolkata,332492.4413817581
3,3307,1,3,48,454398,Kolkata,519782.8212905422
1,4037,2,0,33,692520,Kolkata,436235.29478096316
4,4013,2,0,61,767372,Kolkata,437187.886319514
0,3413,4,1,10,442368,Kolkata,451909.8255741859
0,2781,4,4,54,516673,Kolkata,511365.95063817914
3,2810,4,3,65,563788,Kolkata,481714.1829474577
0,3591,1,3,1,860791,Kolkata,541596.0411834494
0,3696,2,1,5,916392,Kolkata,469885.24526774464
3,2547,0,1,15,187695,Kolkata,405691.316645529
3,2930,3,0,28,230066,Kolkata,383057.9746737726
4,3861,4,2,23,238982,Kolkata,532059.9911608347
0,4958,4,1,17,364837,Kolkata,540616.3254732767
0,4087,2,2,13,739601,Kolkata,528442.6992556106
4,2152,2,1,14,653098,Kolkata,386064.6456494085
2,1574,1,4,11,644380,Kolkata,465613.31909776723
2,4180,1,4,28,581995,Kolkata,618469.509213638
2,2910,4,0,42,682393,Kolkata,373094.57628005685
4,2012,2,0,61,785865,Kolkata,317257.4038860273
0,4604,0,2,64,304300,Kolkata,534141.095463987
4,1669,3,1,31,390699,Kolkata,351277.1953777198
4,1268,2,3,10,696222,Kolkata,416260.8193954324
2,4233,2,0,8,697076,Kolkata,468924.5277624524
1,2283,1,3,21,963689,Kolkata,458997.4832622312
0,1923,3,3,59,904371,Kolkata,416216.30985442747
2,2125,4,1,50,505041,Kolkata,364379.7797885189
1,2529,2,2,69,584003,Kolkata,411101.1538261739
1,2758,4,1,30,595707,Kolkata,408906.4796765295
3,2594,2,0,17,255223,Kolkata,368956.1466235138
0,1246,4,3,20,752356,Kolkata,394125.6088832946
1,4711,3,1,48,624324,Kolkata,506808.40929433267
2,4866,1,1,2,456092,Kolkata,544283.7031062946
3,4908,3,1,37,970139,Kolkata,535648.0790674714
0,2560,0,0,1,663339,Kolkata,361633.0758616558
4,3178,1,2,4,591513,Kolkata,491737.3346135717
2,3400,3,1,54,180738,Kolkata,432051.7372478717
1,3243,0,0,25,435740,Kolkata,393818.1886230501
1,4864,2,3,3,684359,Kolkata,622176.3438657383
2,2939,2,4,9,230613,Kolkata,550766.198275848
1,1929,4,0,34,173601,Kolkata,315616.5372945337
3,4737,1,4,43,129873,Kolkata,644808.1725643664
0,4453,2,1,22,792008,Kolkata,501063.43894541176
3,4069,1,1,2,171468,Kolkata,504230.81825275975
1,3692,2,0,66,912902,Kolkata,402277.19519986387
4,1226,4,4,32,820489,Kolkata,443116.7114404444
0,3748,3,1,16,108328,Kolkata,463605.1384749271
0,4547,4,3,1,237405,Kolkata,604102.6301577252
2,4548,0,2,48,875807,Kolkata,547008.2321075124
2,1264,2,2,50,221173,Kolkata,343676.4847948495
4,2395,0,1,13,146638,Kolkata,399534.958254192
0,4557,0,4,15,897700,Kolkata,634183.0702259723
4,2457,1,1,53,301675,Kolkata,388169.83998838725
2,1645,2,4,44,213920,Kolkata,454075.25697163737
2,3258,0,3,8,996811,Kolkata,531342.0058960615
0,4643,3,4,46,510261,Kolkata,622989.3869214396
3,4448,0,1,69,796101,Kolkata,488346.1241567221
1,2418,3,3,19,535986,Kolkata,472615.4300994474
2,2473,1,0,38,107887,Kolkata,341680.75149594643
2,3990,0,2,11,853266,Kolkata,530823.0646726013
3,2387,4,1,43,124918,Kolkata,385130.9351230124
3,2899,1,1,20,921929,Kolkata,423137.99879512
4,3504,3,1,20,455706,Kolkata,466386.6655830623
4,3772,1,3,21,816369,Kolkata,558241.8562127411
1,4799,0,0,57,374073,Kolkata,470803.3318891674
1,2249,2,4,50,606508,Kolkata,483974.83866870974
0,1981,2,0,26,726489,Kolkata,315027.55604710773
4,2154,3,3,30,620337,Kolkata,460070.12743563746
2,1587,3,1,31,834459,Kolkata,339228.2739900811
4,1475,2,2,42,478710,Kolkata,376819.14359158964
2,2821,3,1,68,390690,Kolkata,393727.5931960352
3,1985,1,4,61,309496,Kolkata,471239.9810100084
4,4348,4,2,61,792698,Kolkata,536447.6460039893
3,3203,4,1,68,527499,Kolkata,419511.83739835024
1,4831,1,2,17,706782,Kolkata,575266.630774628
1,2241,4,0,19,571386,Kolkata,340492.9309128333
0,1189,0,3,51,840147,Kolkata,376098.9946832862
4,2440,1,1,63,408710,Kolkata,382550.8470313875
3,1980,3,4,30,447608,Kolkata,488478.169684855
2,2698,1,0,25,858141,Kolkata,368014.7166608004
1,2715,2,1,26,228279,Kolkata,397049.27382881404
1,3593,3,0,56,181991,Kolkata,403469.0449991341
2,1040,2,4,22,454824,Kolkata,431125.75965893
3,3354,3,1,19,390157,Kolkata,452196.4347956765
3,1942,4,4,31,152132,Kolkata,485037.54502317955
4,1337,1,2,26,355069,Kolkata,370134.54357131553
4,2337,0,4,42,585714,Kolkata,505275.02118960174
0,2098,3,2,41,783444,Kolkata,394468.003869847
1,4000,3,1,23,994287,Kolkata,481914.27578612673
4,3326,2,2,47,776503,Kolkata,481131.89966788795
3,4247,4,1,13,191627,Kolkata,516818.82044380053
2,1895,2,1,66,222772,Kolkata,340709.3445401524
3,4733,2,3,66,329415,Kolkata,596205.2077178278
1,3320,4,1,16,765582,Kolkata,443573.7602890395
3,3884,0,2,28,613277,Kolkata,516501.4105076549
0,3667,2,3,35,359013,Kolkata,535197.1592874354
1,2674,2,3,41,950500,Kolkata,470419.67770354665
2,3909,3,1,31,517165,Kolkata,476696.63165830064
0,4854,4,4,32,116116,Kolkata,651350.6826812557
1,4930,1,4,54,806412,Kolkata,639873.0705393907
2,1930,0,3,59,675657,Kolkata,418658.0050945695
0,1288,0,1,41,804177,Kolkata,304874.94900875265
0,1723,4,4,66,989532,Kolkata,438820.51405167754
1,3940,3,1,54,333982,Kolkata,466874.5001459458
4,3319,3,1,40,838563,Kolkata,444350.2825010206
0,2953,4,3,28,305383,Kolkata,492989.52194217616
0,2089,3,3,37,391799,Kolkata,437898.764705328
2,1482,0,0,65,288874,Kolkata,271611.1242950491
3,1935,0,4,55,671920,Kolkata,469104.69838736166
1,3295,1,4,4,311284,Kolkata,569743.0088988054
1,1155,4,4,10,786136,Kolkata,439865.4245130462
4,2070,2,2,47,536441,Kolkata,404377.10278002796
4,2958,2,1,14,291082,Kolkata,437941.01657012955
1,3501,1,3,38,313807,Kolkata,522673.18036379537
4,3248,1,4,12,296523,Kolkata,572141.8220509886
2,2683,3,0,45,804172,Kolkata,357765.3212303121
1,1123,1,4,17,573818,Kolkata,428022.67516148865
4,3048,1,1,35,381039,Kolkata,431161.7520662941
1,1967,2,1,66,335892,Kolkata,339411.52400776837
3,4830,3,3,41,837696,Kolkata,614543.639280546
0,1854,1,2,67,342718,Kolkata,365739.21572083124
1,1639,1,3,29,817167,Kolkata,419489.66306404455
0,3238,3,4,18,647374,Kolkata,557339.2858010038
4,2602,4,0,20,185637,Kolkata,374066.42165111355
0,3563,3,3,14,575243,Kolkata,541413.3918510121
1,1441,2,2,34,782567,Kolkata,363650.42546169355
3,2944,4,3,49,469478,Kolkata,495103.2653447447
4,2838,0,1,54,776257,Kolkata,407527.67998614296
1,2829,3,4,31,687371,Kolkata,528162.061665772
4,3190,2,4,58,195028,Kolkata,549147.2933611894
2,4262,4,4,42,953389,Kolkata,617361.374563995
0,1532,3,4,58,721839,Kolkata,433903.9919350215
2,3274,1,4,30,964938,Kolkata,558620.2793201467
1,2336,3,4,25,762643,Kolkata,504255.66238905856
3,4700,0,0,63,718312,Kolkata,472874.48004821624
4,1948,3,2,19,967913,Kolkata,413474.72946956835
0,4373,4,4,8,362399,Kolkata,630724.6720124072
4,4725,4,2,3,615152,Kolkata,591604.5246148935
1,3019,3,4,67,307627,Kolkata,523299.90451215405
4,1459,4,3,17,639775,Kolkata,423315.82112846273
0,4472,1,4,14,600549,Kolkata,632285.4539198228
1,1550,3,1,9,643634,Kolkata,344545.7626294275
4,1392,1,0,62,921482,Kolkata,278707.8974804136
3,4938,1,3,21,370888,Kolkata,624395.6985446933
1,2787,2,3,37,517972,Kolkata,483024.77986940433
1,1844,3,1,11,161596,Kolkata,361826.69046680926
3,4278,4,4,20,838757,Kolkata,628918.8387901935
2,3257,1,0,35,481784,Kolkata,393678.91090031125
0,2138,2,3,53,941464,Kolkata,433500.9582421352
2,4808,3,0,47,929119,Kolkata,482645.7947504587
4,1645,3,3,52,277175,Kolkata,419282.9822449089
3,4322,0,4,8,253048,Kolkata,633250.7626817855
2,3266,0,3,4,949295,Kolkata,533599.8771346384
1,3454,1,3,27,493807,Kolkata,527781.2455303371
4,2466,0,2,44,106277,Kolkata,429449.2100465877
4,4674,1,4,40,948292,Kolkata,644555.2496189356
2,2377,4,1,47,233332,Kolkata,376663.27075370523
2,3935,1,1,44,340515,Kolkata,470879.7998175438
3,3605,0,4,48,884865,Kolkata,573630.1161623801
0,3597,4,1,52,821243,Kolkata,440200.3718054465
2,1141,0,4,68,386885,Kolkata,410671.08224259276
2,3659,1,1,11,481864,Kolkata,470305.23645070195
1,1500,2,2,4,399355,Kolkata,384760.231859151
4,1839,3,1,48,864752,Kolkata,352066.60247204895
0,3749,0,3,26,882733,Kolkata,541494.3117488737
1,4618,1,4,39,534758,Kolkata,633368.0451918867
3,2682,4,0,58,369013,Kolkata,355165.73879244487
3,2565,0,0,19,586834,Kolkata,363222.8451046995
2,3046,0,4,58,449760,Kolkata,531605.4046370493
2,4917,3,2,28,194515,Kolkata,576457.5521711963
3,2530,1,1,66,250494,Kolkata,380661.1892782053
2,1595,2,2,10,790973,Kolkata,385549.356414325
0,2904,4,0,58,288088,Kolkata,359684.82333033264
2,1280,1,4,14,684398,Kolkata,446295.8073110833
4,1423,4,4,15,319601,Kolkata,465698.44381851546
2,3903,0,2,33,833282,Kolkata,512231.5015812846
1,1269,3,2,17,396177,Kolkata,359474.58547345555
0,1153,3,1,24,931645,Kolkata,310711.7208752641
1,3661,2,3,30,360705,Kolkata,538317.8849832814
1,2750,3,3,62,555209,Kolkata,475417.5372134161
4,1661,0,1,13,112938,Kolkata,355539.6363938809
0,2967,2,3,62,230842,Kolkata,475726.6117468348
0,1082,1,0,47,364418,Kolkata,248625.51177066006
0,4693,3,3,16,970822,Kolkata,604227.6788815906
0,3994,2,1,66,525031,Kolkata,459790.43581556884
0,3946,0,3,43,569234,Kolkata,545280.2746735474
4,2449,4,4,8,250033,Kolkata,527930.8923328308
2,2298,4,2,3,120044,Kolkata,438788.2401515944
1,4784,0,0,12,199372,Kolkata,494405.58257224225
0,3331,0,4,16,376850,Kolkata,560822.7756533036
2,1979,4,4,59,237046,Kolkata,467871.51833311917
2,3220,2,1,49,438608,Kolkata,425480.17940274515
1,4398,4,2,63,645501,Kolkata,528654.1344664512
4,4789,0,2,62,626238,Kolkata,559233.6746759434
3,4134,3,0,49,354043,Kolkata,449165.26396817825
3,4144,1,1,51,840373,Kolkata,482948.0886477487
2,3810,3,0,33,896843,Kolkata,427206.4712543434
1,2659,3,3,30,424888,Kolkata,476937.0861132742
3,2398,0,4,59,773131,Kolkata,491904.0732543503
2,1632,4,0,15,563026,Kolkata,309893.30385275336
4,2531,2,4,23,921485,Kolkata,526792.1320671387
3,1786,3,1,45,348966,Kolkata,347767.6008733506
2,3990,4,3,62,545292,Kolkata,549321.817995384
2,4059,2,1,15,238117,Kolkata,493535.43995189865
0,1397,3,3,46,419767,Kolkata,391386.18601051875
4,2143,2,3,64,129714,Kolkata,446083.71994860406
0,1933,4,4,46,789746,Kolkata,467390.7151425218
1,2460,1,1,56,471427,Kolkata,373416.6009638091
0,2852,4,1,44,370706,Kolkata,402953.3409513545
0,3723,0,0,29,417192,Kolkata,413027.5696690126
3,3983,2,1,62,455439,Kolkata,468334.9227621691
2,3512,1,0,52,112026,Kolkata,400855.59297198907
4,1285,2,2,54,206147,Kolkata,354478.468075962
0,1264,2,2,57,655877,Kolkata,334248.52538238297
4,3367,3,2,66,732487,Kolkata,476861.08760513156
0,3720,0,1,22,983706,Kolkata,462971.49551856925
1,4447,2,1,20,388988,Kolkata,510794.3805540013
0,3867,4,0,33,452559,Kolkata,428816.364091268
3,3136,4,3,25,308574,Kolkata,519574.9320920249
2,2677,3,0,46,314340,Kolkata,355736.7223806465
1,2226,0,2,57,154708,Kolkata,398898.39311803546
0,1820,0,0,5,557141,Kolkata,311843.61811838485
4,2762,4,3,55,695113,Kolkata,482493.1945081089
1,4048,1,1,61,675862,Kolkata,462495.40035617916
1,3381,3,0,8,447692,Kolkata,415567.17595655215
0,3269,3,2,16,512028,Kolkata,479314.4222137722
1,1040,4,2,48,332409,Kolkata,335153.0759584936
4,2731,4,1,61,810669,Kolkata,404713.8459869151
1,1067,1,0,15,688518,Kolkata,267193.3206508977
4,1987,1,3,65,354451,Kolkata,434128.3407383277
0,2799,0,1,22,927013,Kolkata,404147.3511717027
2,3561,3,0,3,347174,Kolkata,430063.27824950655
1,4944,3,4,54,539844,Kolkata,644802.4407545032
2,4708,4,2,14,319700,Kolkata,575955.4725113597
4,4693,0,3,36,387249,Kolkata,607158.9157208535
1,2621,3,3,67,966262,Kolkata,459980.62860212324
3,2655,0,3,10,614539,Kolkata,494470.48615362216
2,4198,0,2,49,431301,Kolkata,522981.3367664951
1,2278,4,0,65,525658,Kolkata,319347.43172844045
2,1694,0,1,57,449379,Kolkata,329616.6929314353
1,4087,1,0,27,870802,Kolkata,442006.6843451078
0,3524,1,1,5,364491,Kolkata,455791.07234004
2,2085,2,3,57,850382,Kolkata,433865.09986160765
3,3928,4,0,15,934082,Kolkata,453269.7501193792
3,3479,2,3,30,248182,Kolkata,540025.7002474497
4,2693,1,4,20,293242,Kolkata,536261.3487282328
1,3315,2,3,37,807161,Kolkata,510851.53741732845
2,2058,4,3,3,555987,Kolkata,460399.5049807354
4,1778,4,1,41,224926,Kolkata,355497.7836991845
2,4647,0,4,39,181147,Kolkata,633379.435782102
1,1493,3,3,26,410279,Kolkata,408968.5094842431
3,2585,0,3,2,643487,Kolkata,495407.3378032282
0,2492,4,4,23,988015,Kolkata,510949.7601217858
3,2790,1,4,23,283208,Kolkata,533954.9185144864
4,1660,1,0,16,978722,Kolkata,314810.01330908865
0,2348,0,1,9,529791,Kolkata,386869.34035363497
4,2327,4,4,13,320868,Kolkata,522825.68854018865
1,2299,1,4,28,220787,Kolkata,494545.25696839765
0,4940,4,2,27,214427,Kolkata,570922.2212901764
4,2986,1,4,51,248063,Kolkata,539197.0358317217
1,4755,4,1,64,777913,Kolkata,508707.86400952254
3,4060,2,3,52,320782,Kolkata,559963.4837934541
1,3044,4,3,38,711781,Kolkata,500909.3238876879
2,4272,4,3,65,588633,Kolkata,561907.4611652079
1,4516,0,3,18,899203,Kolkata,593095.7089468281
1,2928,2,2,63,225607,Kolkata,436381.8829525884
2,2347,3,4,51,871122,Kolkata,492593.529934039
4,2058,0,3,9,179876,Kolkata,464109.51838664885
4,1976,3,0,13,592108,Kolkata,339348.1371626888
1,1481,1,3,40,267071,Kolkata,398734.1164597785
2,1727,3,4,55,827247,Kolkata,456570.207283833
2,3527,4,3,43,946080,Kolkata,529419.8598508436
3,4136,3,2,44,555884,Kolkata,530702.3308136559
4,2031,0,1,68,562590,Kolkata,349830.52390810754
0,4372,0,1,33,560725,Kolkata,491968.62396260473
4,1342,3,4,24,343722,Kolkata,456023.4245962133
4,4502,0,1,36,596564,Kolkata,513927.07982366066
3,2447,0,1,10,437927,Kolkata,401270.23765851645
0,3379,3,0,20,668728,Kolkata,401319.8530752814
3,3485,2,4,12,655943,Kolkata,584317.2605338567
0,4659,2,4,62,667327,Kolkata,618476.2915363902
1,3221,1,1,18,417399,Kolkata,437290.5158698015
0,3606,0,1,63,172219,Kolkata,432130.5054574673
3,1526,3,1,25,810349,Kolkata,342726.70060063625
4,2896,0,2,12,897676,Kolkata,472055.5980910241
0,1658,4,3,21,718882,Kolkata,420801.26667252637
0,3073,0,2,25,420739,Kolkata,458628.2989345778
2,1819,0,4,11,794911,Kolkata,481776.487499157
4,3652,2,0,64,818590,Kolkata,413892.5744164652
1,1405,3,3,50,466042,Kolkata,392227.782272216
3,3279,0,0,62,390515,Kolkata,387037.767751381
1,3580,2,4,49,562574,Kolkata,566050.9872739053
4,4890,1,4,14,259950,Kolkata,671236.8704814157
0,2573,2,0,1,267229,Kolkata,363849.8253478508
0,2811,2,0,25,105914,Kolkata,362042.25864123355
4,1504,2,0,59,314772,Kolkata,285053.11784668657
0,4740,0,4,69,389324,Kolkata,619587.3888327053
0,1178,0,1,5,966651,Kolkata,314614.7536035949
0,1131,1,0,19,965048,Kolkata,267040.31615563727
3,2846,4,3,23,327561,Kolkata,501542.75973986846
3,2478,4,4,9,287435,Kolkata,528641.6311696635
2,3395,4,2,50,719501,Kolkata,479487.4851102858
1,3587,1,2,16,520576,Kolkata,501060.94932347036
4,1771,4,3,33,662093,Kolkata,435481.2780807866
4,2429,4,1,2,506669,Kolkata,412953.4042136731
4,3123,2,0,14,226599,Kolkata,409533.13952264376
2,1578,0,4,1,778063,Kolkata,471676.9774769693
3,3901,0,0,58,290093,Kolkata,425246.6624721822
2,2515,2,4,16,174176,Kolkata,517038.0513162579
4,1193,2,2,47,194799,Kolkata,353581.28704378044
1,3007,2,0,44,722673,Kolkata,375712.7311612952
0,2185,0,3,14,859942,Kolkata,454737.2136720262
3,3394,4,1,24,188919,Kolkata,456562.83664957294
3,3998,2,3,55,705750,Kolkata,552941.3391758105
2,2384,1,1,15,279340,Kolkata,392644.5579648909
3,2792,2,0,34,789608,Kolkata,374066.96166677104
4,4655,3,0,2,131159,Kolkata,507181.0783872585
4,2110,2,1,27,142039,Kolkata,379725.24061129167
2,4333,0,2,23,857262,Kolkata,546190.0793654353
4,3261,2,4,68,147800,Kolkata,547542.6148406743
1,4736,3,3,14,402905,Kolkata,611954.1866738186
2,4793,1,3,63,718914,Kolkata,592162.1699564559
1,2936,4,3,65,579319,Kolkata,480509.07366473664
0,3620,2,0,68,218368,Kolkata,395200.68054446764
1,1779,3,3,63,799023,Kolkata,411656.88774147094
0,1261,3,4,64,705191,Kolkata,412223.92703729577
0,1729,1,4,32,218998,Kolkata,454411.05136965425
1,1282,0,1,13,341324,Kolkata,324627.2797670249
2,4719,2,0,66,609662,Kolkata,468493.1456275689
4,2490,3,4,19,528583,Kolkata,527331.2963029533
4,4451,1,2,24,613520,Kolkata,560446.2292673801
0,1361,4,0,11,422038,Kolkata,291663.27900314715
0,4520,3,0,59,333229,Kolkata,451807.43036368815
2,1440,1,4,15,937876,Kolkata,458133.2682713523
3,3140,0,2,10,161748,Kolkata,483867.21404864034
1,2644,0,1,41,141190,Kolkata,386938.9740414699
0,3800,3,4,27,140318,Kolkata,583850.2954399748
4,1866,3,2,60,792378,Kolkata,387745.9388326081
2,2447,2,0,52,224078,Kolkata,341006.21602893225
1,1141,1,2,28,139759,Kolkata,349914.59561358514
2,2314,3,0,65,902930,Kolkata,326047.7077015567
1,2455,2,4,17,650277,Kolkata,511754.4534406374
1,3796,2,4,44,595926,Kolkata,577938.0377678996
0,2875,3,3,10,780928,Kolkata,500775.1620373232
2,2847,0,3,63,479179,Kolkata,472750.8951821679
2,2712,1,3,47,953009,Kolkata,476012.2194315048
4,3700,1,4,38,467375,Kolkata,592728.94242064
4,1700,0,1,53,785459,Kolkata,338460.4256239247
0,1997,3,4,44,976332,Kolkata,466276.6035406418
0,3096,1,2,54,533855,Kolkata,444229.08394940366
3,2325,3,4,20,991111,Kolkata,517308.0088456614
4,1880,3,4,31,385626,Kolkata,484997.2541989111
1,2213,2,0,7,431356,Kolkata,341541.8487827971
2,2159,0,0,58,548477,Kolkata,316161.72676170315
0,1554,3,0,10,580533,Kolkata,297914.0883644807
2,1403,4,4,10,916480,Kolkata,455452.8879194144
2,1891,0,1,39,495252,Kolkata,351536.2348669076
3,3912,1,2,28,660102,Kolkata,521787.6256447896
4,1601,2,2,30,815054,Kolkata,388469.96755743586
0,2830,1,1,37,510140,Kolkata,400313.1009736517
2,1340,1,1,67,491637,Kolkata,304162.4904715971
0,4828,0,2,43,160204,Kolkata,551710.3552359215
1,2968,1,3,52,657132,Kolkata,486895.6955040147
3,1703,3,0,56,348827,Kolkata,295003.38049527345
1,1317,1,0,68,345256,Kolkata,256355.83284617108
0,3665,2,2,9,444087,Kolkata,504344.255390992
0,2386,2,1,23,121518,Kolkata,377542.63285514904
4,4893,4,3,63,510275,Kolkata,608914.8869842733
2,3429,2,2,61,647340,Kolkata,471935.63177652657
2,3280,1,0,40,880634,Kolkata,393044.3330621347
1,2800,2,4,44,694091,Kolkata,516597.64096551924
3,2367,0,1,24,171524,Kolkata,391875.4177671226
2,2572,2,4,51,848870,Kolkata,507616.11315639113
4,1816,3,2,58,618855,Kolkata,385231.91960928193
1,1552,0,0,33,976004,Kolkata,287456.9071754257
1,4600,4,3,16,691309,Kolkata,605676.2966575462
4,1855,3,4,22,835609,Kolkata,486785.0499377596
3,2812,1,3,57,382187,Kolkata,478738.92834159255
4,3866,1,0,62,102419,Kolkata,425792.81625983026
3,4642,1,4,30,812252,Kolkata,642344.3139364169
4,1182,3,3,23,221831,Kolkata,405004.25365175505
4,4112,3,3,32,868976,Kolkata,577618.7518019548
0,2574,3,4,57,726087,Kolkata,499050.4229298113
1,1396,0,0,9,536700,Kolkata,295306.64948846016
4,2727,0,3,31,294941,Kolkata,494845.2312427646
4,3826,1,2,9,276282,Kolkata,529916.2875223953
2,2517,2,4,13,944032,Kolkata,527034.6996023844
1,4730,1,1,58,440641,Kolkata,508916.53868873656
2,1906,4,1,3,732899,Kolkata,370900.62292137253
1,2356,0,0,35,237559,Kolkata,336049.0997046457
2,3174,3,2,21,947124,Kolkata,477626.16670624824
4,4629,0,3,64,686400,Kolkata,587244.1881473443
4,4628,3,1,52,339040,Kolkata,516331.55244508357
0,1000,4,0,34,902792,Kolkata,254705.5316436511
2,4239,4,2,35,857739,Kolkata,538348.4119812268
3,4691,0,2,15,845778,Kolkata,576096.4065115917
0,1018,3,0,6,445182,Kolkata,266590.56416661723
2,4403,4,0,32,606805,Kolkata,467573.4826351578
2,1583,1,3,52,365161,Kolkata,406953.1813594701
0,1455,1,0,28,448405,Kolkata,282603.7171915032
4,4004,3,3,64,291196,Kolkata,556629.0927340938
2,3036,0,3,19,871706,Kolkata,507790.6125904383
4,2132,4,4,15,845658,Kolkata,510965.83047021035
0,4339,0,2,6,544165,Kolkata,545331.5159563819
4,3492,1,2,38,813628,Kolkata,497035.44827144244
1,4311,4,2,26,690608,Kolkata,540898.4525707858
3,2952,0,4,51,335067,Kolkata,531736.781887077
2,4372,2,3,53,836661,Kolkata,570627.9482971431
3,3649,3,3,56,917559,Kolkata,532266.489459916
4,3150,3,0,59,496412,Kolkata,386085.0726229342
2,1987,2,4,58,437232,Kolkata,468420.1230865341
4,4321,1,0,13,280786,Kolkata,483122.40310236317
1,4524,4,4,43,394065,Kolkata,625176.2000143476
0,1519,3,0,51,891178,Kolkata,273886.71953599853
2,4224,2,1,19,954967,Kolkata,505344.96943890984
1,1858,2,2,21,165350,Kolkata,397137.67550205684
1,1173,1,2,24,281417,Kolkata,349066.97559318825
2,2366,1,3,26,340678,Kolkata,466890.5241397586
4,4741,0,1,45,443275,Kolkata,527630.4128466591
1,4052,3,2,28,122063,Kolkata,524447.6502269994
3,3478,0,3,29,741404,Kolkata,534831.6438407957
1,1726,2,1,17,564952,Kolkata,347795.48766348173
4,4760,4,2,68,975345,Kolkata,560607.5786644449
4,2710,4,0,44,441090,Kolkata,367617.2914408376
3,2875,1,4,61,277043,Kolkata,517709.2117086119
1,3897,4,1,68,234670,Kolkata,456212.53194413224
4,2681,4,3,25,110564,Kolkata,493008.10137090465
2,2347,4,1,67,866412,Kolkata,369346.9883269155
0,1989,2,3,2,851794,Kolkata,446078.3597131295
0,4744,4,1,49,616939,Kolkata,507233.99158215924
0,3686,4,3,26,411869,Kolkata,536621.4176782874
1,1419,4,2,27,710422,Kolkata,367557.0466834228
3,1593,0,0,18,205940,Kolkata,306953.01562448015
4,3532,2,2,54,686373,Kolkata,488094.7263673792
2,4730,1,0,1,642150,Kolkata,498155.22349051543
2,2774,0,2,61,372409,Kolkata,431923.8622242272
1,3459,3,2,3,240777,Kolkata,502984.45551594126
0,1935,2,1,68,286351,Kolkata,329679.8356385242
1,2107,2,4,41,686759,Kolkata,480678.3505250358
3,2136,3,3,37,191080,Kolkata,449182.6187420417
3,4808,3,3,51,573050,Kolkata,606611.7774734091
4,1331,3,3,15,556195,Kolkata,420871.58416211186
4,4449,1,0,8,417972,Kolkata,488988.413221445
3,4826,4,3,38,591422,Kolkata,616548.7955613754
3,3702,2,3,56,479028,Kolkata,537975.4848010577
3,3088,4,1,47,732295,Kolkata,429473.8636319002
1,2793,4,2,10,670392,Kolkata,458797.2368381182
3,1958,3,3,49,665222,Kolkata,439679.78277139406
2,4868,1,4,41,878894,Kolkata,646691.8018198268
0,1104,0,3,30,630338,Kolkata,378829.31651255704
3,1201,1,0,5,799312,Kolkata,290329.99365391984
0,3497,4,0,31,579786,Kolkata,404234.4310816197
1,2842,1,0,52,370628,Kolkata,352798.6822655718
0,2866,3,3,23,424792,Kolkata,493198.5967236233
1,2996,0,1,48,422089,Kolkata,405900.1316921947
2,2289,3,4,40,809038,Kolkata,495538.3419854341
1,1909,0,3,6,655611,Kolkata,446709.1705295414
1,1209,4,1,38,186332,Kolkata,310684.1701509456
4,1562,0,1,41,981037,Kolkata,340700.42290947004
3,4189,0,3,27,580579,Kolkata,578081.0620681925
3,3760,0,3,69,355540,Kolkata,532210.9854545954
2,4448,1,1,57,354547,Kolkata,494898.6568849995
2,4622,1,1,17,896747,Kolkata,524122.60740244697
3,2563,4,1,47,410112,Kolkata,395383.5859082706
4,1770,0,3,13,781879,Kolkata,442828.19758033904
3,4155,2,1,11,371251,Kolkata,507089.04393248743
4,3501,4,0,24,614756,Kolkata,424919.06196402357
2,3714,0,3,4,680069,Kolkata,556489.2334946289
0,1628,0,0,46,366013,Kolkata,282489.43498939887
2,4585,1,2,18,967415,Kolkata,565253.9300500914
2,2628,4,3,43,555911,Kolkata,475331.3027175485
1,2701,0,2,33,553638,Kolkata,439933.9802391852
1,1386,0,1,10,632259,Kolkata,328350.2965191988
1,2935,4,1,59,983237,Kolkata,403139.7151833392
1,4421,2,4,31,879215,Kolkata,622384.7987448224
4,3343,4,1,28,387795,Kolkata,456811.4916444794
3,3305,4,2,60,419118,Kolkata,470662.67300892895
0,2104,2,1,3,594509,Kolkata,373306.5345123557
2,1267,4,3,55,123446,Kolkata,386007.39513300953
4,3466,0,1,14,881707,Kolkata,465166.08122897206
0,3282,4,4,58,269180,Kolkata,541102.0974096986
4,2856,2,1,15,628111,Kolkata,430826.2583673816
4,4382,3,2,2,244526,Kolkata,568631.5240801258
2,4884,4,2,24,759292,Kolkata,579718.9177369254
3,2998,1,1,64,305162,Kolkata,408322.6401645842
1,4033,0,2,24,167965,Kolkata,521498.9409541296
3,2380,0,2,27,566196,Kolkata,429805.220854844
2,2236,1,4,37,372654,Kolkata,493027.7056209464
2,1573,1,3,39,537261,Kolkata,415359.4381491687
2,1048,4,4,63,765897,Kolkata,411459.272130163
0,2150,1,0,26,565899,Kolkata,325721.60193693044
3,1222,3,4,65,205935,Kolkata,423962.9116128105
3,3968,2,1,4,955566,Kolkata,497426.53288006934
4,4350,1,3,29,857993,Kolkata,592208.1490020279
4,2431,1,1,1,958686,Kolkata,409518.6788121032
4,2528,3,0,50,601443,Kolkata,353563.5654974253
2,4365,0,3,11,353978,Kolkata,594718.5370769554
3,2819,0,2,59,769142,Kolkata,438669.281143415
2,3324,4,4,62,476924,Kolkata,549214.6878715061
0,2461,3,1,36,487688,Kolkata,375697.30179502745
4,2130,2,0,56,616404,Kolkata,325429.31217868626
2,2681,2,2,21,952019,Kolkata,447375.76254061697
2,3467,3,4,13,968670,Kolkata,580760.5208686047
0,3658,2,2,9,437864,Kolkata,504507.52644733613
1,4500,0,4,11,702292,Kolkata,636783.0355501488
3,1374,2,3,1,122072,Kolkata,423182.6674279441
1,3120,2,2,56,181015,Kolkata,453972.66939823166
4,3021,3,2,31,325075,Kolkata,469330.71599702624
2,4705,3,2,37,844298,Kolkata,563022.8245921609
0,2053,2,3,47,172746,Kolkata,427805.84150036686
0,4259,1,0,47,276774,Kolkata,443375.73308654816
3,4435,3,4,69,464404,Kolkata,612693.5720282401
1,2889,4,2,58,499273,Kolkata,442330.4413680401
3,2823,4,3,36,228259,Kolkata,495356.93471761054
2,2474,0,0,32,130916,Kolkata,344782.4743536894
3,3242,2,4,64,651556,Kolkata,542767.4653016378
0,2179,1,3,42,799338,Kolkata,440435.60204825865
0,4243,0,4,48,868254,Kolkata,600162.0176496992
4,3894,2,2,30,123259,Kolkata,522041.29845453915
4,2064,3,0,21,546799,Kolkata,343465.71145128517
2,4134,4,3,60,703688,Kolkata,557990.8715859802
1,3070,1,0,13,396437,Kolkata,392469.69130840193
3,1359,4,2,1,735869,Kolkata,382616.3173009137
2,4146,3,0,65,107043,Kolkata,434348.1019676539
4,3607,2,0,33,805790,Kolkata,426751.8085405157
3,3719,3,1,38,207009,Kolkata,466513.67309400876
4,3041,3,0,25,925325,Kolkata,391118.41791105847
3,4896,4,4,26,309137,Kolkata,664378.4353260143
1,2141,1,3,59,261940,Kolkata,428030.6037111489
2,2635,3,1,33,912741,Kolkata,398458.614916819
3,2403,4,3,41,619466,Kolkata,464874.264414509
0,2943,1,3,30,909716,Kolkata,492845.11091416643
0,1678,2,2,57,737547,Kolkata,365072.71020988765
3,4361,2,2,49,200804,Kolkata,539843.1278635017
3,3487,0,1,48,169000,Kolkata,444759.8625960556
3,4739,4,2,49,184179,Kolkata,563896.6775589671
0,3980,1,2,47,951481,Kolkata,506563.7096700322
0,1006,3,2,56,915697,Kolkata,319393.1434133746
3,4267,2,3,65,574706,Kolkata,563369.7962190437
4,3468,1,1,12,884514,Kolkata,469088.08480558393
4,2591,4,3,69,123880,Kolkata,471384.54195619584
1,1832,0,4,6,971011,Kolkata,480099.4426000267
2,4264,2,3,65,493471,Kolkata,559250.0568682965
4,3606,1,4,25,494718,Kolkata,590839.0979621469
0,4219,1,0,1,825552,Kolkata,464362.8653825577
4,2810,1,0,32,951856,Kolkata,379036.5005350084
1,4740,4,4,3,569054,Kolkata,653911.9807136387
1,4273,4,4,49,957398,Kolkata,608129.189617832
2,4515,4,3,19,272438,Kolkata,602570.4801285836
4,1913,3,4,60,520641,Kolkata,470748.76533935545
0,3011,1,1,29,545544,Kolkata,415533.35384819517
0,2442,2,0,50,869640,Kolkata,330493.08167728764
3,2450,4,0,2,691684,Kolkata,368276.8132082265
0,4054,4,4,56,433838,Kolkata,590261.1816345069
2,2502,1,2,17,499022,Kolkata,439050.13734050456
2,4546,4,2,60,579490,Kolkata,540548.0407076667
0,1125,3,4,36,903538,Kolkata,417746.7999369224
0,3442,3,1,61,156731,Kolkata,425298.0357893163
3,1816,4,2,17,175010,Kolkata,402748.85325048474
0,3928,1,4,49,349091,Kolkata,580473.0605560427
3,2829,1,1,60,394743,Kolkata,401711.11344437767
3,1575,1,1,20,171326,Kolkata,346468.9736996679
0,3372,0,3,50,873164,Kolkata,503819.77602569043
1,2415,4,1,3,437850,Kolkata,401241.261429167
1,1929,1,2,43,633292,Kolkata,389695.6886302729
3,4759,3,2,57,601498,Kolkata,559520.0732659613
0,4699,2,4,50,215018,Kolkata,624875.858405756
1,2463,2,4,68,544580,Kolkata,487980.5650290835
0,4275,1,1,50,650080,Kolkata,484820.1524961263
0,4557,2,0,37,588968,Kolkata,462803.4048642489
0,1832,2,3,46,558128,Kolkata,415867.67339406634
4,2054,0,0,42,154645,Kolkata,326354.8681205953
0,4459,3,1,15,631520,Kolkata,512123.3280490319
4,2648,3,1,33,571426,Kolkata,405408.8400129588
3,2900,0,0,11,679054,Kolkata,391111.77538860036
1,2457,0,3,20,744889,Kolkata,472004.5838973628
1,3884,2,0,24,181588,Kolkata,434190.4127184185
1,3973,4,4,64,279614,Kolkata,587793.2365866646
1,2399,2,2,65,630201,Kolkata,407895.41076585156
1,4415,0,4,17,736694,Kolkata,630748.8998659764
1,1442,3,2,61,213693,Kolkata,353395.106379562
1,4650,2,1,15,717737,Kolkata,527817.432117416
3,3122,4,3,51,110567,Kolkata,505776.18102343543
0,1556,2,0,27,662667,Kolkata,289618.0800097343
2,4843,1,3,61,830328,Kolkata,595192.8598645597
4,4737,2,0,58,362463,Kolkata,480065.25645954063
2,2178,0,4,31,190005,Kolkata,490558.20463542896
2,4501,3,4,12,997422,Kolkata,643190.9201003795
0,3037,3,0,46,847386,Kolkata,373416.592095007
0,1362,0,3,31,579336,Kolkata,390015.0103571477
0,3495,1,0,32,104791,Kolkata,405389.8685521552
1,2257,0,1,32,590488,Kolkata,369396.2480429476
3,4634,2,4,53,231401,Kolkata,633330.9603131125
1,2841,0,1,61,305459,Kolkata,390511.2042870768
3,3309,0,4,46,161032,Kolkata,559248.5538189313
3,2850,1,4,7,799438,Kolkata,547500.0844580682
2,3172,2,2,4,975094,Kolkata,487362.89585325844
2,1910,4,1,52,645588,Kolkata,349746.5333565525
3,1244,4,1,31,962132,Kolkata,320819.9864997589
3,1541,3,2,36,544161,Kolkata,377266.4592957231
1,3532,0,3,54,679897,Kolkata,519328.6525262141
1,3169,3,1,54,291634,Kolkata,416393.530378314
2,3172,1,0,17,714333,Kolkata,400477.93121896253
0,2572,4,2,30,948333,Kolkata,430657.84005739813
3,3217,0,1,22,892135,Kolkata,444347.3080460732
1,1123,1,3,43,848005,Kolkata,382374.9938837784
2,4940,1,1,27,425259,Kolkata,535884.3202006711
1,4106,0,4,37,319162,Kolkata,597183.7298197821
3,4158,1,0,46,127676,Kolkata,446602.9807725405
3,3693,0,2,35,554926,Kolkata,507010.84884168854
4,2731,0,4,4,844700,Kolkata,546924.9321093359
0,1785,2,3,26,800800,Kolkata,421610.4968020577
4,3043,3,4,19,267995,Kolkata,561437.840650885
2,3248,1,4,45,391946,Kolkata,547552.5305347964
1,3416,1,3,26,452475,Kolkata,526701.0638684307
2,1796,2,4,22,556120,Kolkata,475837.929994708
3,1076,2,2,58,224786,Kolkata,335723.77637115034
4,1058,2,1,63,951601,Kolkata,297848.0911329562
4,3478,4,4,28,692435,Kolkata,585129.3675231785
4,3685,4,2,65,646363,Kolkata,492815.9253856735
2,2523,4,1,44,968447,Kolkata,389982.21761423745
3,2936,0,1,43,830076,Kolkata,412446.2013562327
1,3156,1,4,37,109304,Kolkata,543827.6247815024
1,4807,3,2,66,229851,Kolkata,551335.5244737145
2,4055,0,4,17,482873,Kolkata,614826.3379478566
4,2301,1,3,40,159622,Kolkata,463007.404438324
0,1067,1,1,38,416359,Kolkata,296951.05131844385
2,4140,2,4,61,960405,Kolkata,594219.003626502
2,4236,2,1,9,732942,Kolkata,506669.95987403305
3,4560,0,2,61,505737,Kolkata,544274.1171916974
1,3352,2,0,16,349109,Kolkata,407523.52209681395
2,2932,1,4,2,386172,Kolkata,551263.1622363453
2,3721,2,4,43,663616,Kolkata,579048.9711086246
4,1364,4,1,42,389445,Kolkata,331506.589111837
4,4925,2,2,57,400159,Kolkata,572423.1156579448
0,1820,1,3,67,842636,Kolkata,402658.3013585678
3,2402,0,2,30,661133,Kolkata,427410.24875148456
0,3390,3,4,13,973250,Kolkata,569239.8022713632
4,1946,2,3,19,700682,Kolkata,457773.0449024249
1,3946,1,2,7,275231,Kolkata,525212.034633404
4,2577,3,0,9,405858,Kolkata,381417.25105071353
3,2377,3,1,54,180722,Kolkata,378598.31846488034
4,2439,4,2,61,387374,Kolkata,423280.3755400407
3,4180,3,2,2,716842,Kolkata,550979.4458567365
3,4634,1,0,50,149262,Kolkata,473643.9723995017
3,1761,1,4,31,141722,Kolkata,469647.7187196959
3,4568,2,1,33,949228,Kolkata,517907.23835197865
3,1340,2,2,11,795519,Kolkata,373595.8994647887
1,3989,2,3,33,340740,Kolkata,560372.2333692992
0,1382,3,2,7,711340,Kolkata,372548.77188306797
2,2003,3,1,31,200808,Kolkata,364223.200735245
0,2556,4,2,48,355416,Kolkata,421071.96807663183
3,1299,2,0,47,362128,Kolkata,276428.8394044664
1,1138,0,2,53,845569,Kolkata,332226.18214221526
4,1358,4,2,19,498455,Kolkata,377712.29700003087
1,1835,0,3,6,870340,Kolkata,440534.82822646183
3,2522,3,0,49,978383,Kolkata,349295.5546098155
1,4456,4,0,50,413030,Kolkata,459011.4714260578
1,2627,4,2,12,989856,Kolkata,444295.1220727536
3,2982,1,3,23,520411,Kolkata,507789.1423960507
1,2303,3,2,54,204697,Kolkata,403873.2803911251
2,4708,3,2,69,588075,Kolkata,547948.1115046899
2,3530,4,1,59,331572,Kolkata,444290.5557051544
1,1908,3,1,36,857130,Kolkata,354399.3987784276
4,2134,4,3,3,720587,Kolkata,473282.0405341083
3,3913,1,4,58,790034,Kolkata,584524.2018159353
2,3186,4,1,55,249177,Kolkata,422822.8127840555
4,1995,3,4,57,260811,Kolkata,476801.37415597256
1,3482,3,0,17,606957,Kolkata,416282.4667522929
4,3556,4,1,39,263041,Kolkata,459054.4354157482
0,3320,4,1,68,638785,Kolkata,413691.20987543854
2,4170,4,3,55,495032,Kolkata,562007.1034052853
1,4835,2,4,45,878492,Kolkata,643053.0121287989
3,4921,3,1,1,357471,Kolkata,555705.0866178188
1,3151,3,1,21,192019,Kolkata,435258.2265912128
3,2237,2,3,21,814614,Kolkata,466450.67546805384
1,2784,4,3,52,209017,Kolkata,480133.59117347875
4,4735,1,4,43,955817,Kolkata,645995.4906671258
4,3809,4,0,52,318220,Kolkata,427327.05626640626
4,3834,4,0,67,205153,Kolkata,425737.0835204302
0,1164,2,2,44,658114,Kolkata,338399.7490756895
3,1998,3,1,32,734322,Kolkata,367284.99601438903
4,4924,4,4,10,708530,Kolkata,676344.3445914914
0,3567,3,1,64,674388,Kolkata,434570.3012146513
3,2307,0,4,69,845459,Kolkata,482653.14838584984
1,3564,3,4,68,458349,Kolkata,555244.1209573533
0,1656,1,4,28,112809,Kolkata,453440.8637764981
2,3660,1,1,53,688738,Kolkata,450808.7631805687
0,3211,4,3,51,400572,Kolkata,496769.73909737
0,2909,3,1,53,959222,Kolkata,400039.35661449196
3,4730,4,4,4,211126,Kolkata,667115.1785190479
1,3046,2,2,17,452465,Kolkata,468491.9563165654
2,3111,1,0,67,888525,Kolkata,373447.7934504034
4,4162,4,4,47,668786,Kolkata,614634.3206416247
4,2140,2,2,56,740539,Kolkata,408237.5075200733
0,2889,4,3,23,665273,Kolkata,494024.8335955981
3,1266,3,4,18,918441,Kolkata,451618.79772800946
3,2845,3,2,1,490659,Kolkata,470133.39136867714
4,2708,3,4,35,117718,Kolkata,532045.8895947501
2,4630,3,1,64,378849,Kolkata,502546.12927440327
1,4211,0,2,58,449762,Kolkata,515940.8543912236
2,3293,2,1,59,162598,Kolkata,426848.38542002015
1,4732,2,1,1,964310,Kolkata,539034.9952260917
4,4829,3,2,3,374383,Kolkata,596219.8198528112
1,3442,0,0,67,933054,Kolkata,384346.2940704457
3,2510,3,2,37,670953,Kolkata,433592.80902327836
0,1475,0,0,29,918706,Kolkata,277314.9530005167
0,4588,3,4,33,994800,Kolkata,629917.7051557011
4,1976,1,4,61,246075,Kolkata,475335.72342861805
3,2207,1,2,4,786226,Kolkata,431636.78693329636
2,2043,4,4,14,253060,Kolkata,495410.49661754357
3,2960,3,3,33,549110,Kolkata,504386.1145770988
0,1557,2,1,22,994995,Kolkata,331644.5812001138
0,2017,4,1,48,615340,Kolkata,349409.93577168114
3,4595,1,0,3,321516,Kolkata,494390.0726773748
3,2605,3,4,23,761034,Kolkata,526002.2372019568
0,4600,4,0,68,825898,Kolkata,453849.4028107162
2,1882,3,1,21,455247,Kolkata,361225.7941187707
4,3194,1,1,43,166446,Kolkata,438890.3401742526
4,1665,4,4,26,653360,Kolkata,473288.6200139958
3,4375,1,3,41,133717,Kolkata,582681.116591964
4,3667,0,3,38,318417,Kolkata,544506.6693472769
0,2771,1,4,11,257723,Kolkata,528864.6343348391
0,3867,3,4,29,479346,Kolkata,589546.2104782133
3,1863,2,0,60,484533,Kolkata,308255.92603564844
3,1581,1,4,67,209525,Kolkata,441718.3456066588
3,4070,2,3,65,556566,Kolkata,554731.7889832391
2,1694,0,4,61,313092,Kolkata,443315.2560181056
4,4833,4,0,19,104646,Kolkata,507692.94094003196
3,2251,4,0,46,401857,Kolkata,339170.4822792244
1,4173,2,0,49,430080,Kolkata,439770.03921310406
1,2610,4,0,22,275403,Kolkata,362604.68003001856
0,4488,1,2,57,384329,Kolkata,528534.4977277416
4,2239,2,4,14,446407,Kolkata,513855.11438371293
3,3454,3,1,44,854016,Kolkata,451505.5524935722
1,1398,1,4,16,676395,Kolkata,446559.8340754618
4,2946,1,2,12,869153,Kolkata,480133.08501035155
0,1714,1,0,55,559770,Kolkata,281248.1116362119
2,1703,3,2,51,903995,Kolkata,374708.99631302897
4,3808,0,3,39,695017,Kolkata,551308.1656304408
4,3546,4,3,33,377845,Kolkata,543715.0780364656
2,4825,2,4,33,300144,Kolkata,649302.1942493519
4,4536,0,4,29,839782,Kolkata,639810.5606730141
0,2714,2,1,69,595339,Kolkata,375966.5067889768
0,2972,4,1,31,876903,Kolkata,416108.10725711245
2,4021,3,3,31,752619,Kolkata,564284.0840081188
3,4802,1,0,46,784770,Kolkata,485120.979160601
1,1081,1,2,52,199280,Kolkata,332424.5138211643
3,1603,3,1,10,814075,Kolkata,351190.72897781886
4,2970,0,1,41,138665,Kolkata,422312.7450879327
1,2710,0,0,3,378101,Kolkata,372912.4611979575
2,3046,2,0,59,932440,Kolkata,371133.9243399415
2,4822,3,4,52,948352,Kolkata,643358.3335018139
1,3819,0,2,34,883573,Kolkata,507427.048017587
0,1902,3,0,49,788235,Kolkata,301265.9494839097
1,1364,4,1,28,213828,Kolkata,323440.25098439044
4,1162,1,1,13,756986,Kolkata,325854.7112248481
0,4119,1,3,69,190815,Kolkata,536858.3641487324
2,3558,1,0,67,294894,Kolkata,397235.76833432575
1,4400,3,4,61,827773,Kolkata,605980.7333196383
3,2863,3,2,60,264714,Kolkata,439699.4730914957
3,1115,2,4,24,924743,Kolkata,436198.2591538015
4,3988,1,1,63,132356,Kolkata,473258.9634715238
3,4920,2,4,61,365953,Kolkata,648188.6076330718
1,3384,1,1,23,921307,Kolkata,446662.50142720906
1,1880,2,1,30,865409,Kolkata,353551.4243271901
3,3784,2,1,60,371609,Kolkata,460845.15005920816
1,4935,4,1,18,821455,Kolkata,540163.8599748227
4,1839,2,1,56,435988,Kolkata,348040.8087251865
0,3194,3,3,53,296322,Kolkata,497299.67113318923
4,4646,2,4,7,973321,Kolkata,661352.7492302906
4,4877,1,3,69,639538,Kolkata,602809.701446835
1,2346,2,3,52,146023,Kolkata,448816.1800398246
0,3490,0,0,4,725638,Kolkata,415891.0679964183
1,3884,1,0,34,277696,Kolkata,428886.2125891287
2,2036,0,0,69,640715,Kolkata,301967.44128518185
1,1942,1,2,33,526492,Kolkata,389614.35178572475
1,4565,3,0,69,958075,Kolkata,453991.9456770575
1,2724,3,4,38,310084,Kolkata,519554.96550861053
0,3334,3,3,26,234511,Kolkata,518133.15916295187
1,3767,0,4,1,579064,Kolkata,599425.8421271645
0,2137,4,0,4,842691,Kolkata,340481.21260204585
3,3527,1,2,39,178672,Kolkata,492911.9543924615
2,1021,3,2,54,572919,Kolkata,333066.2703270064
0,4420,1,3,33,117300,Kolkata,578846.2571991413
3,2749,0,4,33,422433,Kolkata,529293.096759036
0,1682,4,1,20,510398,Kolkata,342034.88359639735
0,4906,0,4,16,563723,Kolkata,655678.0276722775
2,4637,1,0,21,544128,Kolkata,484427.251182101
4,3953,4,1,45,119659,Kolkata,482429.77852259955
4,2833,4,2,62,786763,Kolkata,447847.22759017727
0,3367,0,3,31,345259,Kolkata,513917.6667605135
1,1125,3,3,42,526802,Kolkata,381689.34501498
3,1276,1,2,12,110360,Kolkata,372155.0886128831
1,2999,2,0,65,907856,Kolkata,363074.3571189324
1,2227,2,2,3,722323,Kolkata,427616.28116055054
0,3241,0,0,9,603447,Kolkata,398494.08895353664
0,4752,1,1,51,148791,Kolkata,503402.46253111964
0,4735,1,2,16,496281,Kolkata,565586.7016394424
0,4618,0,0,3,824155,Kolkata,484375.7718578918
4,1695,1,1,24,608810,Kolkata,355901.8576942608
0,2309,3,2,13,374444,Kolkata,421127.9500745359
4,1056,0,3,2,657658,Kolkata,402115.8478951602
4,4805,3,2,21,825191,Kolkata,586412.3400215673
0,4374,1,4,19,127209,Kolkata,619490.946813074
2,4234,0,2,47,601503,Kolkata,528984.3390886356
3,1018,1,4,22,383071,Kolkata,429922.69622838235
1,4441,0,1,33,658867,Kolkata,499905.6540832962
4,3311,1,2,32,603623,Kolkata,488359.243945072
3,3841,3,1,64,895464,Kolkata,462692.35217000876
2,1112,3,1,39,717542,Kolkata,307333.15604415117
1,4559,1,0,42,964845,Kolkata,466543.2208118718
1,4398,0,1,9,737816,Kolkata,509964.4193854934
4,1541,2,1,25,847562,Kolkata,342906.1804074256
0,3694,3,2,2,486060,Kolkata,510860.67120940174
2,1578,3,2,19,862580,Kolkata,381888.58442396903
4,2088,2,3,20,958734,Kolkata,462145.09736979887
2,4363,1,0,17,805314,Kolkata,472028.4956216342
0,1024,0,1,68,348342,Kolkata,275785.3933002376
0,2572,1,0,3,843725,Kolkata,361818.11037112115
4,3048,4,4,51,972189,Kolkata,544759.1348429766
0,3958,3,1,26,518318,Kolkata,477440.6985390776
3,2572,4,0,56,902364,Kolkata,346659.06252271135
1,1140,3,3,64,912146,Kolkata,368987.69792000635
4,2767,3,3,8,157803,Kolkata,512673.4666054672
2,1647,4,1,37,532959,Kolkata,337810.08125839266
3,4972,4,4,27,233624,Kolkata,669882.0736649402
4,3235,1,3,45,680915,Kolkata,518073.58021663385
0,4199,4,3,4,801347,Kolkata,578087.4978576367
0,1200,1,4,37,441954,Kolkata,419031.40424772666
0,4198,1,0,33,145380,Kolkata,446909.4286811938
0,1256,1,3,31,260322,Kolkata,386914.1126694905
2,4747,3,2,55,823704,Kolkata,554428.7367604703
3,1546,3,3,12,951118,Kolkata,428718.2477033018
1,3241,4,0,11,602610,Kolkata,403019.0359136414
2,3750,3,0,32,482465,Kolkata,429052.53535735566
2,4175,4,1,57,619339,Kolkata,479635.92488188634
1,4606,3,2,38,931460,Kolkata,548428.4789437851
1,4336,0,0,60,770655,Kolkata,444472.71303438157
0,1801,0,4,19,999573,Kolkata,464294.17846761405
2,1941,4,2,56,941680,Kolkata,386955.9624666661
4,4455,3,2,14,372667,Kolkata,568959.7158692449
1,4331,3,4,33,407674,Kolkata,618500.4877768432
1,1413,1,3,10,883413,Kolkata,415004.6825172207
3,3014,2,4,64,638057,Kolkata,532530.2842099734
4,2381,4,4,64,212035,Kolkata,497953.1387086831
4,2098,2,3,62,275717,Kolkata,442923.83976497204
1,4426,2,3,68,846103,Kolkata,565895.5462955862
0,4655,4,3,43,555358,Kolkata,588603.2241826194
3,4842,3,3,59,856120,Kolkata,604600.803245937
4,1909,4,3,52,780917,Kolkata,433921.074960315
1,1187,2,4,19,859087,Kolkata,437387.69540495076
4,4756,3,1,21,441926,Kolkata,543268.2375766956
3,3015,0,1,22,440526,Kolkata,430140.7168829677
3,2313,4,0,9,268157,Kolkata,354443.453950192
2,3092,4,1,9,544573,Kolkata,443328.8095742369
1,4644,3,1,27,997371,Kolkata,521014.1853685149
3,3130,0,4,17,244542,Kolkata,559254.0833062442
2,2146,0,3,44,965144,Kolkata,442398.6670416419
2,1357,3,3,45,742931,Kolkata,396846.5615453888
4,2551,1,4,8,469561,Kolkata,533371.0584749598
4,2089,4,1,18,310154,Kolkata,385878.43338579027
2,3983,4,4,33,762165,Kolkata,601446.547914222
4,2680,2,0,1,313396,Kolkata,385751.39571440715
3,3422,3,3,6,850244,Kolkata,545064.8134473864
0,1161,2,2,41,281844,Kolkata,338959.6054775599
3,4817,2,0,55,622797,Kolkata,482284.3761675473
2,4451,0,0,5,725710,Kolkata,480219.6011122432
2,4727,4,4,59,451444,Kolkata,634806.6278918023
3,4429,2,1,18,368774,Kolkata,516930.3908003976
4,4259,0,3,49,461013,Kolkata,574708.8587654361
4,3369,3,2,65,902133,Kolkata,480501.9684142422
2,1449,2,0,54,245931,Kolkata,277813.7113195905
1,2497,4,2,61,514399,Kolkata,413459.153910276
4,2036,2,1,8,983717,Kolkata,382065.1763654143
3,3231,3,1,3,741844,Kolkata,452829.6098559346
4,3158,2,2,25,328495,Kolkata,486234.2331233445
3,2950,4,3,69,354809,Kolkata,488516.0447794327
2,3555,0,1,55,829672,Kolkata,439220.7498651516
4,2313,4,2,40,115021,Kolkata,427207.4125886765
3,3342,0,0,50,825223,Kolkata,397969.6721174058
2,4522,1,2,33,548781,Kolkata,551739.063777185
1,3951,4,2,18,541259,Kolkata,523076.77199454413
3,2238,4,4,57,828510,Kolkata,494261.7992969567
1,1973,3,1,16,164361,Kolkata,361569.3103526823
1,1631,2,3,38,896787,Kolkata,418125.1615466603
0,4965,0,3,41,198841,Kolkata,605519.998417713
4,2590,0,4,7,804364,Kolkata,538480.860260589
3,2050,3,3,53,346300,Kolkata,437098.7736414354
1,4701,3,2,63,260786,Kolkata,544108.8314039013
0,3780,2,4,32,641486,Kolkata,578640.0865145604
2,4302,2,0,38,429095,Kolkata,456917.93764198176
3,2588,4,1,22,536841,Kolkata,408895.45228021755
1,4878,1,1,16,358466,Kolkata,539813.6039932052
4,3368,2,1,52,579198,Kolkata,438657.08880326245
0,3960,3,2,29,643028,Kolkata,514413.7678754842
1,4304,2,0,16,365954,Kolkata,466029.8177358986
4,2693,0,4,17,358308,Kolkata,539244.3719423286
1,1436,1,4,64,199855,Kolkata,426278.96143675316
3,3828,4,1,13,834480,Kolkata,486323.84760527377
3,2556,0,0,56,913215,Kolkata,345175.9509203297
3,4474,0,0,5,221701,Kolkata,486312.1054088205
0,2076,1,0,12,592281,Kolkata,330165.1956232498
3,4858,4,3,41,440191,Kolkata,612559.808745086
4,4384,3,3,3,895903,Kolkata,606967.492552787
1,2304,4,1,33,210771,Kolkata,375077.17737870914
2,3773,2,0,50,106163,Kolkata,420235.5081700767
4,3078,0,0,56,948503,Kolkata,382882.73638452275
4,3384,2,4,9,116065,Kolkata,581698.0664912595
3,1182,3,4,50,484467,Kolkata,429097.4066137924
0,4094,2,1,29,865550,Kolkata,483198.0064799563
1,3591,4,0,39,445600,Kolkata,413529.09360590606
0,2469,2,1,45,597721,Kolkata,377185.5077157303
1,4145,3,4,17,348924,Kolkata,612820.2491542135
1,4081,3,4,56,803708,Kolkata,593398.8688218363
0,4555,3,3,46,905586,Kolkata,580928.14896463
4,2479,4,1,67,992135,Kolkata,385380.32362910855
1,2589,3,1,69,644517,Kolkata,376738.33311046945
0,2587,0,0,14,414731,Kolkata,354588.99847338063
1,1659,3,0,67,874758,Kolkata,281597.623911109
2,1159,2,3,23,411857,Kolkata,397677.0321209048
4,4953,2,2,61,782357,Kolkata,571667.2718618436
3,4085,2,2,23,645389,Kolkata,535857.6039842418
1,4249,4,2,27,664679,Kolkata,534766.780846102
2,3459,2,1,54,306935,Kolkata,439638.06386926136
3,4949,4,1,10,172723,Kolkata,555827.4725727479
3,2011,4,4,16,326293,Kolkata,498488.1727852591
1,1052,3,1,41,290477,Kolkata,298661.7336117548
0,3455,0,1,55,266020,Kolkata,426985.65361212357
1,3894,3,1,61,986696,Kolkata,456447.2622232989
2,2045,3,3,49,400065,Kolkata,435047.1996653486
3,2053,4,1,52,565787,Kolkata,360165.15600110247
1,3750,4,0,2,570223,Kolkata,441774.1934055715
0,3307,2,0,50,914892,Kolkata,379907.46529259207
1,2228,2,4,43,611174,Kolkata,484108.5504447221
4,4130,3,3,8,514287,Kolkata,592517.9988533141
0,2494,1,0,59,821478,Kolkata,331797.9045395028
2,3823,1,3,65,279354,Kolkata,531913.6826335526
3,2489,2,3,12,716013,Kolkata,483246.3818544369
1,2035,1,4,4,420589,Kolkata,495914.3204791438
0,4702,2,3,41,836427,Kolkata,591372.8111608652
4,2950,4,1,7,444352,Kolkata,439710.9152417457
0,4361,3,3,69,548032,Kolkata,560249.2357787773
4,1849,0,4,69,468427,Kolkata,461446.961593208
2,4831,3,4,30,185779,Kolkata,655333.3080532706
